frame_index,time_s,neck_radius_px,top_curvature_px_inv,bottom_curvature_px_inv,mean_curvature_px_inv,top_neck_x_px,top_neck_y_px,bottom_neck_x_px,bottom_neck_y_px,top_fit_rmse_px,bottom_fit_rmse_px
0,0.0,24.001026441758682,4.88254598858315,4.895895794623228,4.889220891603189,252.0,479.98349174045774,252.00125949459976,527.9855446239751,4.502985310820133,4.474372155227322
1,0.005,23.985544623975045,4.895895794623203,4.895895794623231,4.8958957946232164,252.00125949459976,480.014455376025,251.99874050540024,527.9855446239751,4.474372155227334,4.474372155227324
2,0.01,23.953657471197346,4.923626566488717,4.909248774960835,4.916437670724775,251.99442816421933,480.0472738125038,252.0,527.9545887548985,4.456531646142964,4.445443108258173
3,0.015,23.951871331640092,4.937985775834072,4.923626566488765,4.930806171161418,252.0,480.04898352421566,252.00557183578067,527.9527261874958,4.4675802524216035,4.456531646142976
4,0.02,23.968221249489716,4.923626566488714,4.910278571962565,4.916952569225639,252.00557183578067,480.0472738125038,251.9956688220496,527.9837163114832,4.456531646142963,4.486016827333691
5,0.025,24.29083688193444,4.867923519278183,4.882282578103078,4.875103048690631,251.99436440628298,479.70830869948765,252.0,528.2899824633565,4.327864711305142,4.339174167403041
6,0.03,24.289982463356722,4.882282578103028,4.882282578103078,4.882282578103053,252.0,479.7100175366431,252.0,528.2899824633565,4.33917416740304,4.339174167403041
7,0.035,24.38729797814409,4.8650725379405,4.856143623038597,4.860608080489548,251.9914847448211,479.65336220545066,252.0042654498941,528.4279581617388,4.184071401266502,4.225001963967987
8,0.04,24.68968139761955,4.805930524583769,4.812220476587566,4.809075500585667,252.0,479.2512935980428,252.00570082769156,528.6306563932819,4.155822827425774,4.199525196424965
9,0.045,24.88842281925355,4.742139181767647,4.788721064037777,4.765430122902712,252.0,479.0285132823832,251.9913489766945,528.8053589208903,4.0596181699850105,4.000190350924336
10,0.05,25.12343687397717,4.753205584508564,4.736874298365291,4.745039941436927,252.00561672560377,478.8717543802879,252.00130177704835,529.1186281282422,4.0690095531662545,4.058241404946835
11,0.055,25.12668212714385,4.716205087138242,4.736248688860064,4.726226887999153,251.99141075047407,478.8574884812349,251.99591754029905,529.1108527355226,4.0715852161235695,4.046818670976761
12,0.06,25.461448129484296,4.66653135306385,4.680545727240814,4.673538540152332,252.0,478.5269219944142,252.0041310450485,529.4498182533828,3.938140172457849,3.9192443071383485
13,0.065,25.43822831524298,4.694524129121643,4.680545727240757,4.6875349281812,252.0,478.57336162289715,251.9958689549515,529.4498182533831,3.899994129466969,3.9192443071383436
14,0.07,25.605280874392207,4.645491536375523,4.696651890146517,4.6710717132610196,251.99583778257997,478.33097401143874,251.99431564169674,529.5415357602232,3.8486361834154454,3.746133581821549
15,0.075,25.788606265597537,4.678959456436219,4.621295958412379,4.650127707424299,252.0,478.29798220355497,252.00243036101455,529.87519473475,3.7277702850847874,3.738410382463262
16,0.08,25.944445647231987,4.615912338435552,4.643905114493331,4.629908726464442,252.0,478.03233453852647,252.0,529.9212258329904,3.697422336147882,3.6580005537938756
17,0.085,26.129018431060445,4.601198337266417,4.5792175243720274,4.590207930819222,252.0,477.83128017493345,251.99330428499985,530.0893170370543,3.7237719570965946,3.6269331429355955
18,0.09,26.27917589334939,4.566143995323528,4.586840152750646,4.576492074037088,252.0,477.61207213838776,251.9940190541834,530.1704239250865,3.655228151802564,3.7127153816100393
19,0.095,26.629552692838416,4.551429994154454,4.542528822709812,4.546979408432133,252.0,477.41101777479486,252.0045599356746,530.6701231604717,3.6875999724627775,3.7274519590229174
20,0.1,26.58898222520517,4.551429994154454,4.5514299941544305,4.551429994154442,252.0,477.41101777479486,252.0,530.5889822252052,3.6875999724627775,3.687599972462797
21,0.105,26.762142620546342,4.543078438589283,4.523012558739359,4.533045498664321,252.0,477.2537292428934,251.99531882758177,530.7780144839861,3.557918444400241,3.5826672933456143
22,0.11,26.86602870813391,4.522429582801102,4.522429582801113,4.522429582801108,252.0,477.13397129186603,252.0,530.8660287081339,3.500719974733121,3.5007199747331312
23,0.115,27.263090811006066,4.469558047731401,4.456204930533292,4.4628814891323465,252.0,476.75238693195365,251.99861623192885,531.2785685539658,3.511946232057417,3.542898249881961
24,0.12,27.366435794023204,4.44890919194322,4.463288348706611,4.456098770324916,252.0,476.632628980926,252.00614650938797,531.3655005689724,3.45397358616974,3.466620575639315
25,0.125,27.476975037346705,4.413854850000336,4.448909191943257,4.431382020971796,252.0,476.41342094438056,252.0,531.367371019074,3.387377551958512,3.453973586169755
26,0.13,27.909622803085796,4.358151652269278,4.378224474259076,4.368188063264177,252.0,476.07445495680787,252.0048359790917,531.8937005629795,3.2635482671356,3.242123308068743
27,0.135,28.105405227414394,4.371323980457078,4.357575649942636,4.3644498151998565,252.0,475.8026478165797,251.99514110510245,532.0134582714085,3.1212471746828454,3.1829422702509045
28,0.14,28.181870139257114,4.371323980457078,4.384673622322761,4.37799880138992,252.0,475.8026478165797,252.00140634277247,532.1663880950939,3.1212471746828454,3.089692688986614
29,0.145,28.31711013444746,4.350675124668923,4.350675124668917,4.3506751246689195,252.0,475.68288986555257,252.0,532.3171101344475,3.0618679235944755,3.0618679235944835
30,0.15,28.71028258319268,4.297803589599265,4.283827026780774,4.2908153081900196,252.0,475.3013055056399,251.9954863835307,532.7218706720253,3.0748426192851426,3.0953572740589324
31,0.155,28.81845244538738,4.2771547338110985,4.2771547338110745,4.277154733811086,252.0,475.1815475546126,252.0,532.8184524453874,3.0145346078702375,3.014534607870228
32,0.16,28.98009181713641,4.2708373927414085,4.274020261778116,4.272428827259763,252.0,474.96591179718115,251.99095345614305,532.926095431454,2.984134353888035,2.999642605224598
33,0.165,29.316222477213188,4.23237134382645,4.232371343826436,4.232371343826443,252.0,474.6837775227869,252.0,533.3162224772133,3.000846522744446,3.0008465227444416
34,0.17,29.507122908051713,4.203251856502613,4.238306198445525,4.220779027474069,252.0,474.38327307367547,252.0,533.3975188897789,3.022184698554379,3.0842663196582114
35,0.175,29.699825716079545,4.203251856502613,4.1546102246566745,4.178931040579643,252.0,474.38327307367547,252.0,533.7829245058346,3.022184698554379,3.0031931750465195
36,0.18,29.782924505834643,4.154610224656619,4.1546102246566745,4.154610224656647,252.0,474.2170754941653,252.0,533.7829245058346,3.0031931750465293,3.0031931750465195
37,0.185,29.954415542764508,4.159694407759433,4.139629040818191,4.149661724288812,252.0,474.0614540258503,252.00511471018254,533.9702851113793,2.901337218446267,2.922413693427531
38,0.19,30.14709752244687,4.131746245152754,4.131746245152762,4.131746245152758,252.00149243286822,473.8529024775529,252.00149243286822,534.1470975224466,2.747006394061775,2.747006394061766
39,0.195,30.63585485721714,4.080925653294083,4.0809256532940505,4.0809256532940665,252.0,473.3641451427829,252.0,534.6358548572172,2.6842113788797937,2.684211378879786
40,0.2,30.941208945852736,4.042459604379093,4.014466828321374,4.028463216350233,252.0,473.0820108683886,252.0,534.964428760094,2.6892342625695145,2.7305866999594306
41,0.205,31.074032778366956,3.9794124863784277,4.014466828321374,3.996939657349901,252.0,472.81636320336014,252.0,534.964428760094,2.6738344278457054,2.7305866999594306
42,0.21,31.18159626750969,4.006115272756138,3.9854664169679275,3.9957908448620327,252.0,472.878282708004,252.0,535.2414752430234,2.6077619790304896,2.5439436815260796
43,0.215,31.351079261296064,3.9504120750250817,3.9854664169679275,3.9679392459965044,252.0,472.53931672043126,252.0,535.2414752430234,2.4892895559244006,2.5439436815260796
44,0.22,31.6636172565143,3.9355763320732304,3.935576332073233,3.9355763320732318,251.99321637725413,472.3363827434857,251.99321637725413,535.6636172565143,2.606662153449555,2.6066621534495584
45,0.225,31.940299638441928,3.9259690258142257,3.925969025814259,3.9259690258142426,252.0,472.059700361558,252.0,535.9402996384418,2.5558893805189955,2.5558893805189875
46,0.23,32.3183117192404,3.9018344916177696,3.9018344916177505,3.90183449161776,252.0,471.68168828075943,252.0,536.3183117192402,2.599563011366576,2.5995630113665666
47,0.235,32.37448310203732,3.9213241608752263,3.921324160875231,3.921324160875229,252.0,471.62551689796265,252.0,536.3744831020373,2.48992999576436,2.489929995764359
48,0.24,32.59369113858273,3.8862698189323535,3.886269818932344,3.886269818932349,252.0,471.40630886141724,252.0,536.5936911385827,2.431292870554252,2.431292870554265
49,0.245,32.851357475477414,3.848420549161104,3.830566621201254,3.839493585181179,251.98923522031632,471.2299421752007,252.0,536.9326571261555,2.260092213617381,2.3139083795608077
50,0.25,33.00163886915951,3.8044301990410263,3.830566621201254,3.81749841012114,251.99455538809386,470.9293793878365,252.0,536.9326571261555,2.237040435468849,2.3139083795608077
51,0.255,33.18861160969195,3.8356875645095694,3.8061026358703773,3.8208951001899734,251.98919948538247,470.91194512372164,251.99455778054474,537.2891683431055,2.229822619381326,2.190231302403134
52,0.26,33.49016617080457,3.8003250962193276,3.782470754219953,3.7913979252196404,251.98909898453195,470.5911348908488,252.0,537.571467232458,2.1931807145801625,2.2472257640868993
53,0.265,33.70936781473955,3.7712059053654836,3.771205905365489,3.7712059053654863,251.98901481222137,470.2906321852603,252.0109851877786,537.7093678147394,2.2433784586023187,2.2433784586023173
54,0.27,33.99149974428818,3.732740347137405,3.732740347137422,3.7327403471374137,251.98890160979334,470.0085002557117,252.01109839020666,537.991499744288,2.233749313299713,2.2337493132997213
55,0.275,34.14954046846972,3.7525725990038405,3.723843755235307,3.738208177119574,252.0004799867159,469.87709426319583,252.01112490671053,538.1761752001353,2.1082553137792277,2.1585460933658545
56,0.28,34.45479637430327,3.6950655822590415,3.6764402681323647,3.685752925195703,251.99490385618688,469.6300769732193,252.00563415870363,538.5396697218258,2.1152188549752373,2.179747347279107
57,0.285,34.856332161176624,3.633047551004192,3.606331847804804,3.619689699404498,252.0,469.26542033817566,252.00574368912683,538.9780846605289,2.002649669754997,2.08212872975158
58,0.29,35.1770358803669,3.5739326463010626,3.5650343021392135,3.569483474220138,252.0,468.86352811275395,252.00581022452016,539.2175998734878,1.9168652339956274,1.9465027872751632
59,0.295,35.48617636233752,3.555732966723677,3.5907873086665276,3.5732601376951023,252.0,468.4042196193898,252.0,539.3765723440648,2.0598817242830507,2.1079867091188143
60,0.3,35.773539227582205,3.5476851006944976,3.5172669178086817,3.5324760092515897,252.00639470035227,468.33083619983995,252.0,539.8779146550044,2.086372500113219,2.051699683520994
61,0.305,35.66943468208416,3.615400905895311,3.5975439678999974,3.606472436897654,252.01145859742206,468.41187215437503,252.0,539.7507415185434,1.910168684780779,1.960700123402733
62,0.31,36.02981645027103,3.5656332292291015,3.5684244805761445,3.567028854902623,252.01161853349686,467.9916130671128,252.0,540.0512459676548,1.9020148591209485,2.0067845729887246
63,0.315,36.62814932682042,3.51191109423766,3.502992234803381,3.5074516645205205,252.00589811338483,467.41247529686683,252.0,540.6687739505077,1.8932408784092718,1.9182168591682742
64,0.32,37.00973321988454,3.4590397626854803,3.4501206997337053,3.454580231209593,252.00598826614657,467.0308918706512,252.0,541.0503583104203,1.9037037150083949,1.932306163981596
65,0.325,37.18912245758574,3.4326172770982946,3.4295379733606155,3.431077625229455,252.01206876318344,466.79145568670214,252.01556922222983,541.1697006018736,1.8504185878153419,1.8712061539779374
66,0.33,37.368075907212244,3.435974285464702,3.427055142999444,3.431514714232073,252.0060284650995,466.6725493914903,252.0,541.4087012059148,1.8140182267874976,1.8383179396433733
67,0.335,37.65403079524799,3.3666842064364926,3.35776465536527,3.3622244309008815,252.0061525380954,466.38659514595633,252.0,541.6946567364523,1.7262883310886494,1.7487572251994972
68,0.34,37.86983986306112,3.321465407422897,3.338657472558375,3.330061439990636,252.01247264829524,466.1018734575363,252.0,541.8415531836586,1.6838056054241144,1.7818533225063802
69,0.345,38.23103981469998,3.3316314702812075,3.3167754588033347,3.324203464542271,252.004421207603,465.8704887310319,252.0,542.3325683604319,1.5285002965372287,1.6082266769706346
70,0.35,38.45074617635683,3.336614930655075,3.3276952665497186,3.3321550986023967,252.0062079843754,465.58988005197153,252.0,542.4913724046852,1.6862971480322948,1.7143626855932728
71,0.355,39.06126549991029,3.324891273003825,3.2886593180208736,3.3067752955123493,252.00062298661487,465.078774812225,251.99658480281724,543.2013058120456,1.7312730802447143,1.7667626751986516
72,0.36,39.13016087810496,3.303395951010221,3.2855342541875245,3.2944651025988727,252.01254087185302,464.9511571673429,252.0,543.2114789235528,1.6785713831774705,1.7215018753503926
73,0.365,39.444852224731534,3.259399836129172,3.232956201423539,3.246178018776355,252.0063550517381,464.6505670197096,251.99652595966538,543.5402714691727,1.6520122862989461,1.6579626017195437
74,0.37,39.50981771140806,3.2387510833581254,3.2298310564564727,3.2342910699072993,252.00639556870556,464.5308094883097,252.0,543.5504449111259,1.586984375838051,1.6090778761211604
75,0.375,40.128765127613406,3.1514151594021373,3.1479591100334274,3.1496871347177824,252.00444043213912,463.95154549874064,252.0,544.2090757539675,1.3847763873051326,1.437139708855733
76,0.38,40.3676865449909,3.156522524166959,3.1476305830065745,3.1520765535867667,251.9978710762671,463.6728513368594,251.99128434078423,544.4082244268412,1.4641149652805,1.4823720622505188
77,0.385,40.72762800839175,3.1589136977543255,3.135641930201073,3.1472778139776993,252.00655720881505,463.3138330940181,252.00874898247474,544.7690891108016,1.5337673712005229,1.5332899599008902
78,0.39,41.029139016199736,3.1530852845741966,3.12981350617874,3.141449395376468,252.0065693296774,463.0123220372361,252.0087652750423,545.0706000696356,1.5276852735830813,1.5372073373209942
79,0.395,41.19625908162706,3.0900637283028485,3.0811724975366466,3.0856181129197475,251.9978252889457,462.8442775878272,252.0089036495117,545.2367957510813,1.4915185434372018,1.515891562887972
80,0.4,41.81170608219577,3.0508886188167668,3.036488599857007,3.043688609336887,252.01357883509343,462.189265657913,252.00903467304434,545.8126778223045,1.4407948349383777,1.417967147822073
81,0.405,41.989251377857954,3.0330219316287157,3.0129591669953726,3.022990549312044,252.0,462.0266080668557,252.00702731443693,546.0051108225716,1.4776725879992265,1.499752234888282
82,0.41,42.106744881002555,3.062328236824624,3.0563940054620042,3.059361121143314,252.00676402317038,461.9541500295262,251.9912650351604,546.1676397915313,1.3849584977179168,1.4531087104723615
83,0.415,42.440716386888795,3.0232701933813564,3.034430997279299,3.0288505953303275,251.99984805467494,461.58398106934516,252.0,546.4654138431227,1.2737351102749963,1.2760815424560767
84,0.42,43.127136161239775,2.9613613168395605,2.9554273650860874,2.958394340962824,252.0069946418008,460.93375795179065,251.9909666197491,547.1880302742702,1.318978638213592,1.391685494409161
85,0.425,43.36672690830264,2.927309390191056,2.9384701985321353,2.9328897943615955,251.99984307372048,460.6579705485032,252.0,547.3914243651085,1.4497213579516925,1.4415663898029893
86,0.43,43.66211198635796,2.8916888286065956,2.916908596501757,2.9042987125541764,252.00716317190722,460.35087199669545,251.98611236576266,547.6750959694114,1.3247395992953426,1.2991403365913872
87,0.435,43.91063483812542,2.911682813337957,2.9198166743240175,2.915749743830987,252.01628318501622,460.0938931150604,251.9927485131923,547.9151627913112,1.317766953430351,1.2651308776073904
88,0.44,44.46004502346386,2.855368296753498,2.889470505034842,2.87241940089417,251.9886513768779,459.51245952302975,251.98942117482477,548.4325495699575,1.3492420916379013,1.3031465706391967
89,0.445,44.77767913027884,2.838339774665979,2.8420851070239643,2.8402124408449714,252.0019463611489,459.2015793440985,252.00216965788468,548.7569376046562,1.16597034064372,1.133117156373978
90,0.45,44.97894230531972,2.8230688165057636,2.824267899156689,2.8236683578312265,252.00547844569448,458.9614292751829,252.00218334539952,548.9193138858224,1.1770168218152524,1.188770074437054
91,0.455,45.28825108715634,2.7967758915988887,2.790842545885689,2.7938092187422887,252.00740626634015,458.77264160178714,251.9904338887326,549.3491437760998,1.1102557360641976,1.1852782181823165
92,0.46,45.559505968276994,2.828447952536123,2.8084411936131515,2.818444573074637,252.01415960299173,458.51310044592685,251.9904938338269,549.6321123824808,1.3508957033436695,1.443114715427521
93,0.465,46.256001031681876,2.7191445930595846,2.696877683719767,2.7080111383896757,252.00988545867867,457.80013935558884,252.0,550.3121414189526,1.240156158111238,1.296198082105963
94,0.47,46.35982026652405,2.6984958741310905,2.6963057113077054,2.6974007927193977,252.00996110183655,457.68038242120673,251.99214739770966,550.4000229542548,1.1707529476668013,1.2082103528581802
95,0.475,46.63140584225633,2.6991215776429396,2.710275357154736,2.704698467398838,252.0076742266188,457.3932899852712,251.9921878728317,550.6561016697839,1.1026280425562083,1.1160627590109722
96,0.48,47.07733438166812,2.695545642609818,2.6732686077953964,2.684407125202607,252.00768440723274,456.9787758124185,252.00230667130165,551.1334445757548,0.9020039543898691,0.9618296869966955
97,0.485,47.44490026473321,2.65824745430009,2.6726369668555243,2.6654422105778073,252.0,456.5541362662106,251.98973534260685,551.443936795677,1.0688990235639995,1.0919462150760915
98,0.49,47.96592496618061,2.618975835273331,2.6100523573433763,2.614514096308354,252.00790907400238,456.07471007110286,252.0,552.0065600034641,1.0374001578835448,1.0620155968873168
99,0.495,48.353504081058105,2.552940093961793,2.5529400939617735,2.5529400939617832,252.0,455.64649591894187,252.0,552.3535040810581,1.1514816668464205,1.1514816668464087
100,0.5,48.70744760723662,2.541826137549897,2.5537126648145723,2.5477694011822347,252.01057507279123,455.32103021919903,251.98413716684044,552.7359254336723,0.9961352306693876,1.0270817190119
101,0.505,49.033766768496974,2.5326433729722293,2.5326433729722377,2.5326433729722337,252.0024347492812,454.96623323150294,251.9975652507188,553.0337667684969,0.8854038946255401,0.8854038946255427
102,0.51,49.30265864166785,2.5536049347968777,2.553604934796884,2.5536049347968808,252.0,454.6973413583321,252.0,553.3026586416678,0.86242758980178,0.8624275898017766
103,0.515,49.715789281252825,2.5035512990062205,2.5242000989897435,2.513875698997982,251.9955138030921,454.2243318462782,252.00444949824396,553.6559104087838,0.9358930779595678,1.0034690552271335
104,0.52,50.26713070211514,2.431060425642468,2.431060425642514,2.431060425642491,252.0,453.7328692978848,252.0,554.2671307021151,0.8732296602955151,0.8732296602955115
105,0.525,50.397140030634546,2.4681586426995406,2.4541259823767296,2.461142312538135,252.00783403570162,453.61450774535183,252.0,554.4087878066209,0.9616999590942573,0.9853233530299566
106,0.53,51.03582163409541,2.379239993029046,2.38654044613802,2.3828902195835333,252.0025917314759,452.9197832619354,252.0,554.9914265301262,0.9054607350360169,1.0069497332741826
107,0.535,51.34976942562082,2.363474889403698,2.3634748894036903,2.363474889403694,252.0,452.65023057437907,252.0,555.3497694256207,0.9081253577583565,0.9081253577583476
108,0.54,51.62712767919672,2.359667506665168,2.3507418793796693,2.3552046930224186,252.00877822294467,452.4135118589093,252.0,555.6677672173028,0.8685829437712448,0.8914497835908112
109,0.545,51.85963649353732,2.399555810546518,2.4202046663347088,2.4098802384406133,252.0,452.080484530949,252.0,555.7997575180236,0.8516239842090761,0.9124541139417905
110,0.55,52.57845775676134,2.342876750103512,2.3339512654528307,2.338414007778171,252.00884113376966,451.462182107123,252.0,556.6190976206457,0.8112346794134991,0.8390771044292223
111,0.555,52.97291021671808,2.242602856379947,2.263251712168152,2.2529272842740493,252.0,450.967210807768,252.0,556.9130312412042,0.8625749572103613,0.9267665498500782
112,0.56,53.433750460066136,2.2223689623070575,2.2223689623070033,2.2223689623070304,252.0,450.56624953993395,252.0,557.4337504600662,0.8930067052138803,0.893006705213874
113,0.565,53.769144168524946,2.1954027654491988,2.195402765449195,2.195402765449197,252.0,450.230855831475,252.0,557.7691441685249,0.821725794076853,0.8217257940768503
114,0.57,54.07986208837599,2.230896425555851,2.2515452813440446,2.241220853449948,252.0,449.8602589361103,252.0,558.0199831128623,0.7458189428322322,0.8235512742866264
115,0.575,54.35996805556999,2.233994614563617,2.23399461456361,2.2339946145636134,252.00927204315508,449.6400319444299,251.99072795684492,558.3599680555699,0.689214761843284,0.6892147618432742
116,0.58,54.89419911964214,2.179171227992731,2.1791712279927538,2.179171227992742,251.9948460096303,449.1058008803578,251.9948460096303,558.894199119642,0.8443697257603882,0.844369725760386
117,0.585,55.262516306919,2.138154153329202,2.138154153329204,2.1381541533292028,252.009687656773,448.7374836930811,251.990312343227,559.2625163069191,0.6345463798214145,0.6345463798214147
118,0.59,55.679904752171296,2.111968460002806,2.1119684600027124,2.1119684600027595,251.99468200928843,448.3200952478288,252.00531799071157,559.6799047521714,0.7800814055702524,0.7800814055702598
119,0.595,55.951712077508006,2.125140683768024,2.125140683768031,2.1251406837680276,251.9947149718887,448.04828792249197,251.9947149718887,559.951712077508,0.6840944669667083,0.6840944669667026
120,0.6,56.490188275936305,2.0862922437033613,2.095198892641542,2.0907455681724514,251.99461656020864,447.46922203075235,251.99547431082732,560.449598582625,0.753929667826606,0.7439027468778079
121,0.605,56.926443525514685,2.0616407586221674,2.061640758622181,2.0616407586221746,252.0,447.07355647448514,252.0,560.9264435255145,0.6899241747193953,0.6899241747193936
122,0.61,57.323552534306,2.028258892809985,2.037187929397254,2.0327234111036194,252.0,446.6358007317759,251.98983220324206,561.2829058003879,0.5951535195164814,0.5653162237347449
123,0.615,57.699592976682624,2.0012926959521287,2.0012926959521438,2.001292695952136,252.0,446.3004070233173,252.0,561.6995929766825,0.52237752890798,0.5223775289079697
124,0.62,57.963196377566476,2.0362279619245696,2.045156670126648,2.0406923160256087,252.0,445.9961570936804,251.98987182215333,561.9225498488133,0.7905625686255127,0.7749089688998514
125,0.625,58.72439325380512,1.9276532291238273,1.927653229123809,1.9276532291238182,252.0,445.275606746195,252.0,562.7243932538053,0.7066873181141998,0.7066873181141979
126,0.63,58.9040704003979,1.9750730082734735,1.984053783564307,1.9795633959188903,251.98610998471452,445.0551386750497,251.97573238062412,562.8632794758455,0.6518366987651374,0.6209177094189372
127,0.635,59.24158240354413,1.9337071597133788,1.9426374338012282,1.9381722967573034,252.0,444.7177682998119,251.98933731909366,563.2009331069002,0.5475919360411552,0.5302047770204521
128,0.64,59.861298144579905,1.8948586243477583,1.8948586243477488,1.8948586243477537,252.0,444.13870185542,252.0,563.8612981445798,0.6258912976151051,0.6258912976151085
129,0.645,60.386137815012404,1.8394188370968767,1.8483505908397055,1.8438847139682912,252.0,443.5732100716621,251.98879339450744,564.3454857016869,0.66046558684049,0.6443821862184834
130,0.65,60.41746952737674,1.9143482936052802,1.9143482936052316,1.914348293605256,252.0,443.5825304726234,251.99999999999997,564.4174695273769,0.5141807574956023,0.5141807574956028
131,0.655,61.143730389209,1.7955992394335445,1.8162476797945961,1.8059234596140703,252.0115358400623,442.7963913144306,251.98859530991473,565.0838520928486,0.4486809057498703,0.5424369402759303
132,0.66,61.56369481911281,1.8066242323208144,1.806624232320815,1.8066242323208148,252.0,442.4363051808871,252.0,565.5636948191127,0.5927536797093129,0.5927536797093179
133,0.665,62.016020792073164,1.7965060856183894,1.7965060856183888,1.7965060856183892,252.0115300141381,441.98397920792684,251.9884699858619,566.0160207920732,0.5791124112203003,0.5791124112202882
134,0.67,62.29263460997194,1.8190523356932424,1.819052335693213,1.8190523356932276,252.0,441.7073653900282,252.0,566.2926346099721,0.394633821933539,0.3946338219335392
135,0.675,62.92945714320848,1.7072473553297955,1.707247355329801,1.7072473553297982,252.0121328410872,441.0705428567916,251.98786715891282,566.9294571432085,0.6279843208950413,0.6279843208950399
136,0.68,63.4004308385114,1.7061376446051382,1.7061376446051184,1.7061376446051284,252.0,440.5995691614887,252.0,567.4004308385115,0.49360824664590447,0.493608246645911
137,0.685,63.63734871939215,1.7171566823269564,1.7171566823269444,1.7171566823269504,252.0,440.3626512806079,252.0,567.6373487193922,0.4981154088189346,0.4981154088189323
138,0.69,64.01623221979244,1.707065895920393,1.7277147517086004,1.7173903238144967,252.0,439.92388880469383,252.0,567.9563532442787,0.3630987938362156,0.4276948469077974
139,0.695,64.55556249871955,1.6671061641266096,1.6846254880310814,1.6758658260788455,251.99326291372856,439.389654408913,252.0,568.5007794063521,0.5442509820164337,0.5528997612797693
140,0.7,64.90008517409743,1.6609227682569567,1.6609227682569396,1.660922768256948,252.01247123994534,439.09991482590254,251.98752876005466,568.9000851740974,0.542568802787828,0.5425688027878175
141,0.705,65.41368827430372,1.614354120806223,1.6318730289318086,1.623113574869016,251.99304276544152,438.53152925147486,251.99999999999997,569.3589058000823,0.35259513452385394,0.35018261283756275
142,0.71,65.87436375423047,1.6480325383179468,1.6480325383178942,1.6480325383179206,252.01256878380985,438.1256362457695,251.98743121619015,569.8743637542304,0.4335718412730623,0.43357184127305204
143,0.715,66.05829310008878,1.6305947664306772,1.63059476643069,1.6305947664306837,252.0,437.94170689991114,252.0,570.0582931000887,0.4108098698701229,0.4108098698701264
144,0.72,66.93404738819126,1.5765478560224082,1.576547856022391,1.5765478560223996,252.01313869419081,437.06595261180877,251.98686130580919,570.9340473881913,0.5029073136782276,0.5029073136782286
145,0.725,67.13902660806684,1.5783104923971807,1.578310492397168,1.5783104923971742,252.0,436.86097339193316,252.0,571.1390266080668,0.45442044366960677,0.4544204436696076
146,0.73,67.81345277827646,1.5411327473435374,1.5411327473435024,1.54113274734352,252.01344062692107,436.1865472217235,251.98655937307893,571.8134527782764,0.3349137909730847,0.3349137909730969
147,0.735,68.07525060079246,1.5676116968686533,1.546962841080501,1.5572872689745771,252.0,435.9846283747212,252.0,572.1351295763061,0.5191435798572125,0.46313426755907644
148,0.74,68.47409556387885,1.491259643349452,1.4912596433493739,1.491259643349413,252.0,435.5259044361213,252.0,572.474095563879,0.36932357142374095,0.3693235714237417
149,0.745,69.05548393364262,1.4979919461343831,1.4779409011039273,1.4879664236191552,252.0,434.9603368767456,251.98567392116362,573.0713047440308,0.4561695638016282,0.4872675194332571
150,0.75,69.3713492389964,1.4905154185340068,1.5111642743221856,1.500839846428096,252.0,434.56877178548996,252.0,573.3114702634828,0.24828610663538883,0.3210440364621459
151,0.755,69.93697633635708,1.444322962898824,1.444322962898813,1.4443229628988186,252.0,434.06302366364275,252.0,573.9369763363569,0.43386902450508713,0.4338690245050836
152,0.76,70.45769555521878,1.4034402130377384,1.4034402130377603,1.4034402130377495,252.0,433.54230444478105,252.0,574.4576955552186,0.40242069746394776,0.4024206974639541
153,0.765,70.67267098226853,1.4338496900416329,1.433849690041642,1.4338496900416375,252.0,433.3273290177315,252.0,574.6726709822685,0.38751023277423297,0.3875102327742233
154,0.77,71.229502695447,1.4166125412255381,1.416612541225512,1.416612541225525,252.0,432.7704973045531,251.99999999999997,575.2295026954471,0.30194993677128085,0.30194993677126686
155,0.775,71.63200255587418,1.4338496900416526,1.442788914204941,1.438319302123297,252.0,432.3273290177315,251.98564321191935,575.5913341294798,0.3875102327742248,0.35637737719581625
156,0.78,72.31214141895254,1.3490270049867474,1.3490270049867865,1.349027004986767,252.0,431.6878585810474,252.0,576.3121414189525,0.32666983096454455,0.326669830964549
157,0.785,72.59047348298341,1.3595850743683544,1.3685263651655288,1.3640557197669416,252.0,431.3688540561606,251.98486412817323,576.5498010221274,0.3503410045770329,0.29558026309998203
158,0.79,73.31214141895256,1.3490270049867428,1.3490270049867898,1.3490270049867663,252.0,430.68785858104746,252.0,577.3121414189526,0.3266698309645474,0.32666983096455104
159,0.795,73.47241215871213,1.3195043218655453,1.3283781491986095,1.3239412355320774,251.9843017833402,430.4870750525555,252.0,577.4318993699798,0.2785153616463089,0.2554313061562073
160,0.8,74.09204572517277,1.2657775660871522,1.2657775660871367,1.2657775660871444,252.0,429.9079542748273,252.0,578.0920457251729,0.31891496605948727,0.3189149660594965
161,0.805,74.44145417127078,1.357660914936452,1.348784613013928,1.35322276397519,252.0,429.59906038234203,251.98464259102215,578.4819687248836,0.25166638122349666,0.2730897848971721
162,0.81,74.97586005325951,1.257689421002097,1.257689421002113,1.257689421002105,252.0,429.02413994674043,251.99999999999997,578.9758600532595,0.3566538985669336,0.35665389856693874
163,0.815,75.59360453787698,1.221944077594205,1.2219440775942343,1.2219440775942196,252.0,428.40639546212293,252.0,579.5936045378769,0.3744428458042794,0.3744428458042829
164,0.82,75.84444348221447,1.2780865934890537,1.2780865934891086,1.278086593489081,252.0,428.15555651778556,252.0,579.8444434822145,0.37499870700112287,0.3749987070011164
165,0.825,76.46586849682825,1.2440019990329692,1.2440019990329594,1.2440019990329643,252.0,427.5341315031717,252.0,580.4658684968282,0.22136175093050456,0.22136175093050342
166,0.83,76.97518889778951,1.1690725425245703,1.1690725425245494,1.1690725425245598,252.0,427.0248111022106,252.0,580.9751888977896,0.3758867591271846,0.3758867591271908
167,0.835,77.3667539890449,1.1615960149242006,1.16159601492416,1.1615960149241804,252.0,426.633246010955,251.99999999999997,581.3667539890448,0.23873359350028356,0.2387335935002727
168,0.84,77.90937236138484,1.1644276775855573,1.1644276775855626,1.16442767758556,252.0,426.09062763861516,252.0,581.9093723613848,0.3352510740801893,0.33525107408018656
169,0.845,78.10467860313045,1.1959061320516338,1.1959061320516338,1.1959061320516338,252.0,425.8953213968695,251.99999999999997,582.1046786031304,0.18258900809590375,0.1825890080959018
170,0.85,78.93360920861855,1.1255791422200119,1.1431185607327259,1.1343488514763689,252.0,425.0115611942236,252.00982528755262,582.8787796114607,0.40397408440775046,0.4234391390217738
171,0.855,79.10244863495626,1.1511227420670476,1.151122742067005,1.1511227420670263,252.00000000000003,424.8975513650438,252.0,583.1024486349563,0.15074789315772572,0.15074789315771014
172,0.86,79.89431340802716,1.0960979165313616,1.1136377631149916,1.1048678398231766,252.0,424.05085626447857,252.01008539084722,583.8394830805329,0.3500919238564338,0.36753211862675733
173,0.865,80.18151507934778,1.1122742067014475,1.1122742067014455,1.1122742067014464,252.0,423.81848492065205,252.0,584.1815150793476,0.23700921373709685,0.23700921373710335
174,0.87,80.81100298395623,1.0750665742925674,1.0926066041124858,1.0838365892025266,252.0,423.134166143454,252.0102795222353,584.7561721113665,0.3283208869018659,0.33772245169892406
175,0.875,81.24700686310584,1.0568344194505155,1.0568344194505266,1.056834419450521,252.0,422.7529931368942,252.0,585.2470068631059,0.2740338283931853,0.27403382839318857
176,0.88,81.74685302546325,1.0569859706856721,1.0745262076360966,1.0657560891608844,252.0,422.1983156162724,252.01045249125949,585.6920216671989,0.2793897433296804,0.2818593232960045
177,0.885,82.20056723462295,1.0848271955083042,1.0848271955082993,1.0848271955083018,252.0,421.799432765377,252.0,586.2005672346229,0.2185693429547655,0.21856934295476813
178,0.89,82.6284655790507,1.0039628843808457,1.0040214805726553,1.0039921824767504,252.0,421.3714087769816,252.02237344777154,586.628339935083,0.2975473531875496,0.34699848130381056
179,0.895,83.0412002857822,1.0156882591093053,1.0156882591093173,1.0156882591093113,252.0,420.9587997142177,252.0,587.0412002857821,0.147872639041692,0.14787263904168407
180,0.9,83.4543231004777,1.068899381814925,1.0688993818149748,1.06889938181495,252.0193787947255,420.54567689952233,251.9806212052745,587.4543231004777,0.1889489636290931,0.18894896362909452
181,0.905,84.16861157418427,0.9335456854806944,0.9335456854806807,0.9335456854806876,252.00000000000003,419.83138842581576,251.99999999999997,588.1686115741843,0.2129695686047753,0.2129695686047788
182,0.91,84.38209031418882,1.0376271045775565,1.0551673750232464,1.0463972398004016,252.0,419.5630777890841,252.01064426063888,588.3272584174617,0.16802383910490068,0.19489172903896015
183,0.915,85.07573231721821,0.9895312375962694,0.9895312375962831,0.9895312375962763,252.0,418.9242676827817,252.0,589.0757323172181,0.12627063176296832,0.12627063176298814
184,0.92,85.58353002765733,0.9292929234003882,0.9381481521574484,0.9337205377789183,251.97770975667805,418.375991320554,252.0,589.5430513758687,0.3804723939947055,0.3511544988400536
185,0.925,86.11880651359581,0.9493927125506311,0.9465063863774035,0.9479495494640173,252.0,417.8606811145511,252.02820736153944,590.0982941417427,0.1497331647960222,0.11771273345689454
186,0.93,86.29494035376385,0.9544768956533597,0.9544768956533475,0.9544768956533536,252.0,417.7050596462362,252.0,590.2949403537639,0.16386302232775027,0.1638630223277534
187,0.935,87.18072055255612,0.9226899261728648,0.9198071031120384,0.9212485146424516,252.0,416.79876160990705,251.9709737727974,591.1602027150193,0.20663653696946457,0.17690943471904935
188,0.94,87.30369107109743,0.914338370607684,0.9318812032684253,0.9231097869380547,252.0,416.64147307800545,252.01205250236228,591.2488552202003,0.16574760852673665,0.1671741833871915
189,0.945,88.1154928662668,0.8771623113728397,0.8712274567537414,0.8741948840632905,252.0,415.8438589274503,252.0,592.0748446599839,0.09072605286106886,0.1444659449853263
190,0.95,88.3740067981555,0.9156283602877855,0.9156283602877693,0.9156283602877774,252.0,415.6259932018445,251.99999999999997,592.3740067981555,0.1667563103728113,0.1667563103728203
191,0.955,89.24099893914135,0.8103209999494992,0.8043861453303699,0.8073535726399346,252.0,414.7183528545758,251.99999999999997,593.2003507328585,0.21177597169301968,0.2010983466046076
192,0.96,89.47639849849512,0.8889255739100937,0.8800720711775326,0.8844988225438132,252.0,414.56407369720074,251.9764630554986,593.516870694191,0.2623534617186912,0.2659091964161112
193,0.965,90.17402190612577,0.8354395501681439,0.8323789213882171,0.8339092357781805,251.96804225483703,413.8058672921239,251.99999999999997,594.1539111043754,0.16611998804679715,0.1694155805065082
194,0.97,90.581763422162,0.7664267426826682,0.7664267426827086,0.7664267426826884,252.02702735797496,413.4182365778379,251.97297264202507,594.5817634221619,0.22751182678752235,0.2275118267875143
195,0.975,90.94026746286232,0.8390041154600326,0.8214591136417996,0.8302316145509161,252.01338673301763,413.1145721343978,251.99999999999997,594.9951070601225,0.09991302640992622,0.058877449721850814
196,0.98,91.49487460537449,0.7944139095594587,0.803259434064389,0.7988366718119239,252.02607504039247,412.4646663427379,252.0,595.4544155534869,0.19628127065654477,0.1643055893350268
197,0.985,91.96806000274555,0.7714208245087846,0.7714208245087735,0.771420824508779,252.0145595636046,412.0319399972545,252.01455956360456,595.9680600027456,0.13908973119637516,0.13908973119637918
198,0.99,92.45441555348685,0.8032594340643928,0.8032594340643747,0.8032594340643837,252.00000000000003,411.5455844465131,251.99999999999997,596.4544155534868,0.1643055893350216,0.1643055893350193
199,0.995,92.98354001539334,0.7727101342938426,0.7727101342938304,0.7727101342938365,252.01453526147552,411.0164599846067,252.0145352614755,596.9835400153934,0.16504753911036896,0.16504753911036354
200,1.0,93.44843957297124,0.8224016679590265,0.8312522101221949,0.8268269390406107,252.0251875420061,410.51109677906123,252.0,597.4079759250037,0.18074784663440832,0.1459265990173274
201,1.005,93.96582499543555,0.7266390750111607,0.7266390750111891,0.7266390750111749,252.01545687844728,410.0341750045645,252.01545687844725,597.9658249954356,0.1205982760569479,0.12059827605695242
202,1.01,94.63342766758754,0.7281242739162958,0.728124273916296,0.7281242739162959,252.0284491549299,409.3665723324123,252.02844915492983,598.6334276675874,0.24081792662246992,0.24081792662247192
203,1.015,94.9658249954355,0.7266390750111744,0.7266390750111509,0.7266390750111626,252.01545687844728,409.03417500456436,252.01545687844725,598.9658249954354,0.12059827605694627,0.12059827605694333
204,1.02,95.63342766758757,0.7281242739163002,0.7281242739163006,0.7281242739163004,252.0284491549299,408.36657233241226,252.02844915492986,599.6334276675874,0.24081792662247523,0.2408179266224781
205,1.025,96.03061371771699,0.7026284076128749,0.6982344281105656,0.7004314178617203,251.98324506779872,408.0469151959283,251.99999999999997,600.1081426313623,0.21368620532455357,0.14232577685777908
206,1.03,96.57408348859778,0.7198719982004432,0.6993926533100403,0.7096323257552417,251.961888375043,407.48882086271084,251.9703819516345,600.6369878399064,0.2445787608679246,0.2780135237659891
207,1.035,96.99845049485492,0.7157826374230671,0.7157826374230455,0.7157826374230563,252.01569130837188,407.001549505145,252.01569130837183,600.9984504948549,0.17385698001142882,0.17385698001142738
208,1.04,97.6505964626671,0.6978489851478691,0.6888680205243602,0.6933585028361147,252.0296835098185,406.3901513341215,251.99999999999997,601.6913442594557,0.2672387763765235,0.23535423431146393
209,1.045,98.078091613028,0.6668159966089203,0.6427946408596609,0.6548053187342906,251.9627894289354,406.01745118906456,252.0,602.1736344151205,0.1693290528247717,0.07844783397654044
210,1.05,98.62984910932869,0.6365957716673054,0.6306488918718088,0.6336223317695571,251.99060026986697,405.43108313621065,252.0,602.690781354868,0.18344095982186504,0.13022373967975615
211,1.055,98.98071745352263,0.6892817971889927,0.6883364236710439,0.6888091104300182,251.98309210379588,405.0560642293922,252.0163169890349,603.0174991364374,0.14667480931255736,0.11333634460849998
212,1.06,99.73018630000331,0.6337489551896976,0.6192188101312962,0.6264838826604969,252.04213028225428,404.26913284362195,251.92340822174418,603.7295054436286,0.18704388919974474,0.2060720919828545
213,1.065,99.99899357786381,0.6595569365558519,0.6593951200496457,0.6594760283027488,251.91825025169194,403.99188605068616,251.9959769465914,603.9898732064138,0.21552355329094153,0.23689347876759098
214,1.07,100.72962616996298,0.5943833594448256,0.6003768478868117,0.5973801036658186,252.0348514076741,403.2093392868258,251.9555272837516,604.6685916267518,0.1880238351846566,0.1278418243596578
215,1.075,101.05059733780098,0.6288789367910027,0.6188938161212522,0.6238863764561274,251.92046095068983,402.95892728495517,252.01841737899568,605.0601219605571,0.2124826713611272,0.22253743185954078
216,1.08,101.73110480850414,0.5764990943009572,0.5705642396818483,0.5735316669914028,252.00000000000003,402.228246985213,251.99999999999997,605.6904566022213,0.17899495533701001,0.17207726605493098
217,1.085,102.04668033527125,0.6341831841681949,0.6246377104336457,0.6294104473009203,251.9365583583667,401.962361054385,252.03389550529752,606.0557217249275,0.2340739991245993,0.24258036606459757
218,1.09,102.75111825562877,0.5764990943009358,0.5736843504647529,0.5750917223828443,252.0,401.22824698521305,251.953457359343,606.7304834964706,0.17899495533700624,0.17429463495731592
219,1.095,103.04932709270136,0.60237060948671,0.6163650711212988,0.6093678403040044,252.04785126346715,400.9381576468083,251.93771404303698,607.036811832211,0.29647353614344224,0.2929753698455039
220,1.1,103.76825847537219,0.5643533453130645,0.5615397198830239,0.5629465325980442,252.0,400.2111000454653,251.95245062631707,607.7476169962097,0.14149367270921584,0.124650650441277
221,1.105,104.07444914212363,0.5688894453999848,0.5583997947742141,0.5636446200870995,251.98032261704,399.89788495508867,252.00055402310997,608.0467832393359,0.25408994959935405,0.2247994203834655
222,1.11,104.72183391715308,0.5923461213708926,0.5895153677862044,0.5909307445785486,252.0,399.25753967394843,251.95470814044774,608.7012075082546,0.1356284351448486,0.12952287345604616
223,1.115,105.09982258340767,0.5349247829709235,0.6016796132674496,0.5683021981191865,251.96970989586856,398.8385402192313,251.8751403244637,609.0381853860466,0.21616491252117395,0.22291148248552864
224,1.12,105.85675186102091,0.565643334993179,0.5284376006143925,0.5470404678037857,252.00000000000003,398.1956201693044,251.9374776194296,609.9091238913462,0.15925142602904857,0.15557197887573154
225,1.125,106.13668027176197,0.5507652928809338,0.5487361024099503,0.549750697645442,251.97058132133444,397.86782584777006,251.90047935359902,610.141186391294,0.19871449469216257,0.2884948192013989
226,1.13,106.91533077474378,0.5329781246591053,0.545356328752268,0.5391672267056866,251.9585087479653,397.04385922043616,251.94562801585153,610.8745207699237,0.2028718942482869,0.15151122264450662
227,1.135,107.29579817340118,0.5475627313862484,0.5157162777055669,0.5316395045459077,252.0,396.7597696421226,251.96858172128074,611.351365988925,0.16342312080302274,0.19619537403551138
228,1.14,107.89404415885778,0.5369728083641985,0.5661250766171974,0.5515489424906979,251.938152642034,396.0656015507903,251.86058903203732,611.8536898685059,0.16560845392461002,0.1253624229103923
229,1.145,108.35823236363987,0.506655093872886,0.4890180374247241,0.4978365656488051,251.94584530986066,395.6968068675936,251.96686617411905,612.4132715948733,0.16082761023955158,0.19194123580519537
230,1.15,108.98158381432594,0.48979375455386626,0.5224886017954548,0.5061411781746605,251.91860313125468,395.0056864753072,251.87095403873806,612.9688541039591,0.22057732994141094,0.22613323932080467
231,1.155,109.27859437763266,0.5011412679645176,0.4837823215234042,0.4924617947439609,252.0413371947768,394.77589415729665,252.06604997302966,613.333082912562,0.12217504978725639,0.16803634885502158
232,1.16,110.05306967123795,0.4489103580647353,0.4813265467913791,0.46511845242805716,251.94252745894536,393.9344573971881,251.88921194551781,614.040596739664,0.23432238687450843,0.227253267054789
233,1.165,110.27487274732508,0.4939465125133123,0.5117407154325383,0.5028436139729253,252.00227750821728,393.73695550330723,252.06243802241235,614.2867009979574,0.1327693044943901,0.16273238329113254
234,1.17,110.98388711224109,0.4555818313778957,0.4582389655259295,0.4569103984519126,252.06730114995236,393.0241373039948,251.9329159893898,614.991911528477,0.19660289580069734,0.19359042958710138
235,1.175,111.39109210645407,0.4826349620487412,0.48197310301792123,0.4823040325333312,252.01557078254496,392.70632940097624,252.02330375084608,615.4885136138844,0.2077933680673155,0.11050891450175586
236,1.18,111.97037020796833,0.4520097814190286,0.4520097814190411,0.4520097814190348,251.95936855712858,392.0296297920317,251.95936855712856,615.9703702079684,0.12763716214806994,0.12763716214806653
237,1.185,112.39639275671627,0.4882705285599562,0.47774398163923526,0.48300725509959574,252.00083030198945,391.6441099285158,252.07979240386962,616.4368954419483,0.2063922798229754,0.16419943495101225
238,1.19,113.0012638818408,0.44048466801804564,0.4404846680179991,0.4404846680180224,251.9728189281309,390.99873611815923,251.97281892813095,617.0012638818408,0.13053677143316542,0.13053677143316644
239,1.195,113.57420521901372,0.48795240249429783,0.4694924658270046,0.4787224341606512,252.08212688333967,390.50780438755066,252.00293530542368,617.6562148255781,0.17110001991208967,0.1770846297996764
240,1.2,114.00126388184074,0.44048466801801667,0.44048466801801034,0.4404846680180135,251.97281892813095,389.9987361181591,251.9728189281309,618.0012638818406,0.1305367714331628,0.1305367714331685
241,1.205,114.64455687421489,0.45493445905887603,0.43672371688280504,0.44582908797084053,252.09210836796285,389.43759583265836,251.99894814210694,618.7267095810881,0.15579072465954352,0.16267139446299658
242,1.21,114.96651622912043,0.45746660079054546,0.4574666007905525,0.457466600790549,251.9812232586565,389.03348377087957,251.9812232586564,618.9665162291204,0.10674936620374201,0.10674936620373936
243,1.215,115.78172159379267,0.38473347088239623,0.361388226031179,0.3730608484567876,252.07132725213378,388.2599578952337,252.05733041816202,619.823401082819,0.15375266526606057,0.19300695083885294
244,1.22,116.0170424070115,0.4431279445819516,0.45746660079054036,0.450297272686246,252.02534675527107,387.9324314150973,251.98122325865646,619.9665162291203,0.10739407410412435,0.10674936620374646
245,1.225,116.98077975893418,0.3668268821032953,0.34239626062514916,0.3546115713642222,252.00391753976035,387.03896656011983,252.08839188950546,621.0005260779882,0.20920623619434764,0.1807541920695529
246,1.23,117.12244176500977,0.425563987096479,0.443127944581955,0.43434596583921703,252.00000000000003,386.82268505488315,252.02534675527102,621.0675685849027,0.07726017127284471,0.10739407410411105
247,1.235,117.96894523094693,0.3639333242405593,0.3639333242405884,0.36393332424057384,252.01107871000406,386.03105476905307,252.01107871000394,621.9689452309469,0.18435798714566112,0.18435798714564916
248,1.24,118.19277176015638,0.42556398709649085,0.41219884056057904,0.41888141382853494,252.0,385.82268505488315,251.98504059658907,622.2082285751959,0.07726017127284339,0.12576515547164427
249,1.245,118.96894523094684,0.36393332424056296,0.36393332424057695,0.36393332424056996,252.01107871000403,385.031054769053,252.01107871000391,622.9689452309467,0.18435798714566765,0.18435798714565144
250,1.25,119.25638138950825,0.38671545173094546,0.38671545173099725,0.3867154517309713,252.00000000000003,384.7436186104917,252.0,623.2563813895082,0.15886974314209296,0.15886974314210742
251,1.255,120.02316812495937,0.3840862189729579,0.390511855458315,0.38729903721563647,251.87796420350315,383.9463829010361,251.80825973735082,623.9927191509548,0.1911784075951284,0.15777460473415733
252,1.26,120.36116443904928,0.3777946744281876,0.37779467442823567,0.37779467442821163,252.01143077806267,383.6388355609507,252.01143077806248,624.3611644390493,0.14843190359274933,0.1484319035927494
253,1.265,121.0322114707453,0.3896151338641233,0.3905118554582799,0.3900634946612016,251.93637578294886,382.9282962094646,251.80825973735085,624.9927191509552,0.16008711301919548,0.1577746047341393
254,1.27,121.36116443904913,0.37779467442820525,0.37779467442822606,0.3777946744282157,252.0114307780626,382.6388355609509,252.01143077806256,625.3611644390492,0.14843190359274724,0.1484319035927247
255,1.275,122.06266044474978,0.3896151338641264,0.384086218972914,0.3868506764185202,251.93637578294886,381.92829620946463,251.8779642035032,626.0536170989642,0.1600871130191915,0.1911784075951261
256,1.28,122.40964620995658,0.3664645300365571,0.37779467442820286,0.37212960223238,251.98315435054667,381.541872019136,252.01143077806262,626.3611644390492,0.1796692364474702,0.14843190359273523
257,1.285,123.10087233426293,0.37496215065125243,0.37661740623590034,0.3757897784435764,251.95788089180442,380.8892258218731,251.8205337203286,627.090970490399,0.209569262739602,0.23744796993211512
258,1.29,123.67038365834745,0.3502585403417317,0.34118783693087856,0.34572318863630513,252.0591512318307,380.3705167552702,251.99999999999997,627.7112840719651,0.1830942999866754,0.1666783934330255
259,1.295,124.08365487391058,0.38176201417899097,0.3933268483418981,0.3875444312604446,251.88099066960928,379.88965898205754,251.8368645695766,628.0569687298787,0.22784090636728072,0.22067185270286882
260,1.3,124.8016897721663,0.31778250682742937,0.31498755571584697,0.3163850312716382,252.15056925895576,379.2338512284706,252.06417839957524,628.8372307728032,0.18073850631894953,0.1557761652580335
261,1.305,125.23682405792138,0.3605584302178714,0.3637869055385872,0.3621726678782293,252.0,378.7090865790555,251.95545844078612,629.1827346948983,0.1705570823249565,0.22932303564805534
262,1.31,125.83723077280337,0.3149875557158414,0.3149875557158224,0.3149875557158319,252.06417839957533,378.1627692271966,252.0641783995753,629.8372307728033,0.15577616525803836,0.15577616525802174
263,1.315,126.29126314006663,0.3605584302178706,0.34643553740185806,0.35349698380986433,252.00000000000003,377.70908657905545,251.92078531659183,630.2916128591887,0.17055708232497008,0.20045823398802143
264,1.32,126.87537169365947,0.3210870560313312,0.3087035328162419,0.31489529442378655,252.0934770029999,377.16766881164006,252.1864767669144,630.918412198959,0.18452327810710045,0.21399197647062623
265,1.325,127.3865780928875,0.35056786402197276,0.3451549080615737,0.3478613860417732,251.92601041036477,376.60422315125305,251.8608192076116,631.3773793370281,0.13546918814637962,0.17323310203677822
266,1.33,127.90035015834252,0.3210870560313296,0.30612108695532636,0.313604071493328,252.0934770029999,376.16766881164006,252.2806174835001,631.9683691283251,0.1845232781071032,0.18008447428729188
267,1.335,128.43588185461383,0.32126112909305893,0.3212611290930404,0.32126112909304966,251.94313801271113,375.5641181453861,251.9431380127111,632.4358818546137,0.12189622958682494,0.12189622958682929
268,1.34,128.9003501583428,0.32108705603132537,0.3061210869553327,0.31360407149332903,252.0934770029999,375.1676688116398,252.28061748350004,632.9683691283254,0.18452327810710334,0.18008447428730523
269,1.345,129.4668568684095,0.3096741192498031,0.3096741192497899,0.3096741192497965,251.9616654278704,374.53314313159063,251.9616654278704,633.4668568684096,0.12000694093366185,0.12000694093365033
270,1.35,130.0117838024052,0.30967411924978977,0.29555676565117056,0.30261544245048017,251.96166542787043,374.03314313159046,252.0523878842674,634.0567107364009,0.12000694093364983,0.15285249518207872
271,1.355,130.64702634826472,0.2927094834989484,0.2927094834989736,0.292709483498961,252.00000000000003,373.35297365173517,252.0,634.6470263482646,0.1307381102439642,0.13073811024397697
272,1.36,131.1183542875263,0.31096102384657615,0.30585722064925247,0.3084091222479143,251.97214702085475,372.9096998103082,252.06277059985308,635.1464083853608,0.15522995833025502,0.20492455694087106
273,1.365,131.87367638550995,0.26586226619208264,0.2634900670757295,0.26467616663390603,252.13156960982639,372.1614881099573,252.02808217399937,635.9088408809772,0.11264591670266141,0.07114739333931713
274,1.37,132.32908575743843,0.2748922903721646,0.27819646226698713,0.27654437631957585,252.0,371.69059732836814,252.0960224168238,636.348768843245,0.10765379442042824,0.1504855422287814
275,1.375,132.93925111742107,0.252331551294603,0.25233155129460816,0.2523315512946056,252.05467162743045,371.0607488825789,252.05467162743037,636.939251117421,0.1049199205268497,0.10491992052684711
276,1.38,133.39069908419754,0.2808271449912146,0.2808271449912078,0.2808271449912112,252.0,370.60930091580235,251.99999999999991,637.3906990841974,0.1859973047275031,0.1859973047274965
277,1.385,133.93925111742115,0.2523315512946059,0.2523315512946192,0.25233155129461254,252.05467162743042,370.0607488825788,252.05467162743034,637.9392511174211,0.10491992052684444,0.10491992052684847
278,1.39,134.5023965825113,0.28915136584345263,0.28376575450544733,0.28645856017445,251.92590541996998,369.4883240358153,251.8465921304263,638.4931172008379,0.19387420250063425,0.16776115785538553
279,1.395,134.93925111742118,0.25233155129459667,0.25233155129457246,0.25233155129458457,252.05467162743042,369.06074888257876,252.05467162743048,638.9392511174211,0.10491992052685217,0.10491992052685316
280,1.4,135.46802749102562,0.3060557562920669,0.3005513098952693,0.3033035330936681,251.94106941809088,368.52289165740035,251.86650098752284,639.4589466394516,0.1893107332345691,0.17314288340683257
281,1.405,135.93925111742132,0.2523315512946073,0.25233155129455237,0.25233155129457985,252.05467162743045,368.06074888257893,252.05467162743057,639.9392511174216,0.10491992052684504,0.10491992052685471
282,1.41,136.53267385153615,0.32441917666566317,0.30345483477488644,0.31393700572027483,251.88833653956002,367.4670555118468,251.7682559897146,640.5324032149191,0.13664813581808763,0.15446336978411365
283,1.415,136.93925111742124,0.25233155129458157,0.2523315512945825,0.25233155129458207,252.0546716274305,367.06074888257876,252.05467162743048,640.9392511174212,0.10491992052684555,0.10491992052684894
284,1.42,137.80909733392164,0.2594731384804713,0.2507790812150933,0.2551261098477823,252.11865958583033,366.1928640767682,252.063131868665,641.8110587446115,0.17932014011556674,0.18952079684076414
285,1.425,138.34560176665443,0.23529953019117736,0.23529953019116917,0.23529953019117328,252.00000000000003,365.6543982333456,251.99999999999991,642.3456017666545,0.16685689923598784,0.16685689923599056
286,1.43,138.9249100541677,0.27184333680830153,0.25585276525091033,0.26384805102960596,251.96392920403702,365.08551215587124,251.9152228698964,642.9353322642066,0.07665763768271217,0.12913467735500211
287,1.435,139.34560176665426,0.23529953019115193,0.2352995301911911,0.2352995301911715,252.00000000000003,364.6543982333456,251.99999999999991,643.3456017666541,0.16685689923599012,0.16685689923598712
288,1.44,139.92491005416767,0.2718433368083148,0.2558527652509391,0.26384805102962694,251.963929204037,364.0855121558712,251.91522286989627,643.9353322642065,0.07665763768270709,0.12913467735499462
289,1.445,140.53002563204143,0.1931618241564104,0.19015553603299465,0.19165868009470252,252.0942870988163,363.49588400667744,252.24391502548565,644.5559352707603,0.12282916095334731,0.18303507354001922
290,1.45,140.92491005416764,0.27184333680830325,0.2558527652509039,0.26384805102960357,251.96392920403702,363.08551215587124,251.91522286989644,644.9353322642065,0.07665763768270993,0.12913467735499257
291,1.455,141.5300256320413,0.19316182415641467,0.19015553603299934,0.191658680094707,252.09428709881624,362.4958840066774,252.2439150254856,645.55593527076,0.12282916095334345,0.1830350735400274
292,1.46,141.91448784412873,0.2718433368082954,0.2718433368082935,0.2718433368082944,251.96392920403702,362.0855121558712,251.96392920403702,645.9144878441286,0.0766576376827036,0.07665763768270134
293,1.465,142.74543582874432,0.18484497708851252,0.17850999785346344,0.181677487470988,251.92015098706506,361.23891444360385,252.25713406154267,646.7297861010925,0.1571370576210897,0.2101027515336117
294,1.47,143.0075677929468,0.26605727180924027,0.2660572718092285,0.2660572718092344,252.0422185447795,360.99243220705324,252.0422185447795,647.0075677929468,0.11616950535846107,0.11616950535846003
295,1.475,143.97846237906654,0.1750060537356651,0.1750060537356513,0.1750060537356582,252.20769471319926,360.02153762093354,252.20769471319934,647.9784623790666,0.16792152756734133,0.1679215275673472
296,1.48,144.1174089068825,0.24847185837898147,0.24847185837900476,0.2484718583789931,252.00000000000003,359.88259109311736,251.99999999999991,648.1174089068824,0.13347565239283693,0.13347565239284584
297,1.485,145.05693777486215,0.17189903499138623,0.1787834489269041,0.17534124195914516,252.05030792507978,358.94985877611543,252.1720495509918,649.0637343258397,0.15206059869869684,0.19496950466662075
298,1.49,145.51069123556516,0.20088958802529075,0.20088958802528908,0.20088958802528992,252.00489338781088,358.4893087644349,252.00489338781082,649.5106912355652,0.08272057126739202,0.08272057126739303
299,1.495,146.0249631622881,0.2227724278666531,0.22277242786663992,0.22277242786664653,251.9266234345882,357.9750368377121,251.92662343458815,650.0249631622883,0.14113650851981166,0.14113650851980702
300,1.5,146.51069123556502,0.2008895880253002,0.20088958802532494,0.20088958802531257,252.00489338781085,357.48930876443495,252.00489338781065,650.510691235565,0.08272057126739855,0.08272057126739792
301,1.505,146.9947543571488,0.2520826144591875,0.23618944161310082,0.24413602803614415,251.90471780617742,357.0152460652379,251.8479048943512,651.0047547795355,0.1769620211648609,0.16018665160762663
302,1.51,147.7098181793705,0.1808863221402068,0.17202106289581373,0.17645369251801027,252.00000000000006,356.29995236961184,251.98299837399722,651.7195887283528,0.1159554296506884,0.13614019205687816
303,1.515,148.02737652842998,0.26387736669898965,0.21924393590157004,0.24156065130027984,251.88465823417997,356.0465392100811,251.95465359758495,652.1012922669411,0.14990923940144305,0.17993975176947372
304,1.52,148.80746810290236,0.17716324317545615,0.17067234546099758,0.17391779431822685,251.97708875157562,355.21911479013,252.2018717627959,652.8340509959347,0.13611684062520235,0.16312006508373758
305,1.525,149.14791672675082,0.24847185837896935,0.21518940953681126,0.2318306339578903,252.00000000000003,354.88259109311736,251.87291501797145,653.178424546619,0.13347565239283873,0.15696712038915428
306,1.53,150.0562540199022,0.1648323249481189,0.16325232098840894,0.16404232296826393,252.09460693536644,353.97796325225954,251.92681426316676,654.090471292064,0.15478117393762048,0.12339796920091893
307,1.535,150.49720640559815,0.21791261796229436,0.19803964174997454,0.20797612985613445,252.0200349184071,353.5241798141542,252.01806905539036,654.5185926253505,0.07403402688888376,0.11715240276627106
308,1.54,151.09854777171643,0.1632523209884651,0.16916477404453165,0.16620854751649838,251.9268142631667,352.90952870793615,252.05968621780755,655.106624251369,0.1233979692009104,0.19123017764313768
309,1.545,151.4972064055981,0.21791261796228556,0.19803964175001668,0.2079761298561511,252.02003491840713,352.5241798141541,252.01806905539013,655.5185926253503,0.07403402688888291,0.11715240276625673
310,1.55,152.09854777171634,0.16325232098846945,0.16916477404458083,0.16620854751652514,251.9268142631666,351.9095287079362,252.05968621780727,656.1066242513689,0.12339796920091896,0.19123017764313102
311,1.555,152.72752691486207,0.1846270828790422,0.18904240474666498,0.1868347438128536,251.9939178343767,351.2297294850952,252.0024222078861,656.6847833148194,0.1308616710671884,0.14658374718502773
312,1.56,153.2212748315821,0.1420377867746284,0.17499957953317258,0.1585186831539005,252.00000000000009,350.7208859252204,252.22159377887934,657.1634355883846,0.10916739460321426,0.17106310982886871
313,1.565,153.77027051490484,0.1846270828790476,0.1846270828790463,0.18462708287904694,251.99391783437662,350.2297294850953,251.99391783437667,657.770270514905,0.13086167106719446,0.13086167106719157
314,1.57,154.36540131670046,0.16694431909554744,0.1580881070688726,0.16251621308221004,252.11201425814102,349.63639839607845,252.02370150707242,658.3672010294794,0.17238441879509403,0.18463477806919898
315,1.575,154.95123081493543,0.1554267040415105,0.15542670404153952,0.155426704041525,252.1305836643016,349.0487691850646,252.13058366430133,658.9512308149355,0.14905155414223747,0.14905155414222754
316,1.58,155.62804259510227,0.15590719031760494,0.15590719031755362,0.15590719031757927,251.79034378813347,348.3719574048978,251.7903437881336,659.6280425951023,0.17400396382262356,0.17400396382262343
317,1.585,156.0558752706614,0.18016894712052067,0.18016894712052908,0.1801689471205249,251.9524868998562,347.9441247293385,251.95248689985596,660.0558752706613,0.10679804635915614,0.10679804635916142
318,1.59,156.63438775393917,0.17506636127033473,0.1852994336097795,0.1801828974400571,251.70818629302127,347.3186313890636,251.78208556498294,660.587406896942,0.23916337894335485,0.2422768518442391
319,1.595,157.05587527066143,0.18016894712051584,0.1801689471205406,0.18016894712052822,251.9524868998562,346.94412472933857,251.952486899856,661.0558752706614,0.10679804635915435,0.10679804635915383
320,1.6,157.83032291648786,0.16417258048602512,0.15117513096822832,0.15767385572712672,252.13703042232225,346.18212140725456,252.17278872532282,661.8427672402303,0.11433438138131842,0.1729547547002066
321,1.605,158.27701964853318,0.1420377867746354,0.1570224629874425,0.14953012488103895,252.00000000000006,345.7208859252202,252.17505084824057,662.2749252222866,0.10916739460321875,0.16658490001053408
322,1.61,158.89047706402576,0.17751244896524526,0.14282052797112152,0.16016648846818338,252.1066340103934,345.2071886308394,252.20642830731285,662.988142758891,0.14144470456447047,0.13296383834661782
323,1.615,159.3667896941419,0.14811443239325023,0.14654912610091275,0.1473317792470815,251.85665074385713,344.6472954614915,252.06422946501016,663.3808748497753,0.09057035049477684,0.14706699481212238
324,1.62,159.91610050855277,0.17245966746323266,0.17245966746322333,0.172459667463228,252.1373182440201,344.0838994914472,252.13731824401992,663.9161005085527,0.1817870892485102,0.18178708924850892
325,1.625,160.60348624625274,0.17249807245593782,0.1569957241356387,0.16474689829578826,251.8305091991526,343.40584427568825,251.73729785506933,664.6128167681937,0.13823507311896288,0.1768141760653896
326,1.63,161.0558752706615,0.1801689471205145,0.18016894712054235,0.18016894712052844,251.95248689985618,342.94412472933834,251.95248689985596,665.0558752706613,0.1067980463591558,0.1067980463591569
327,1.635,161.8429462507802,0.12528436581266525,0.15956711396805576,0.1424257398903605,252.01917051471162,342.09665858156256,251.8669171144411,665.7825510831229,0.08460656006815921,0.18220295451625176
328,1.64,162.22411447595562,0.14203778677463405,0.15968192481716054,0.15085985579589728,251.99999999999994,341.7208859252203,252.0703617658807,666.1691148771315,0.10916739460322517,0.12193726597985724
329,1.645,162.90149270841266,0.12528436581264563,0.13360781400759056,0.12944608991011808,252.01917051471213,341.09665858156245,252.12964288903254,666.8996439983878,0.08460656006816,0.1499414538668588
330,1.65,163.35270453850856,0.14811443239323682,0.14811443239323122,0.14811443239323402,251.85665074385724,340.6472954614914,251.85665074385741,667.3527045385085,0.09057035049477992,0.09057035049478056
331,1.655,164.01004912559708,0.15185969120460444,0.13212700196456773,0.14199334658458607,252.06219142675997,340.0113363059566,252.06556561383726,668.0314345571508,0.15028452447778784,0.17277230552420017
332,1.66,164.53891517627582,0.11701963163823316,0.1240966913822964,0.12055816151026477,252.06264875866478,339.467460870112,252.23767823807682,668.5452912226636,0.11744830139250943,0.1558798713210148
333,1.665,165.01004912559702,0.15185969120460147,0.13212700196453847,0.14199334658456997,252.06219142675997,339.0113363059567,252.0655656138375,669.0314345571508,0.1502845244777852,0.1727723055242017
334,1.67,165.85253590639996,0.12528436581263735,0.14413321015162914,0.13470878798213326,252.0191705147123,338.09665858156245,251.76941481088352,669.8017303943624,0.08460656006815971,0.13576238522717712
335,1.675,166.1312865199347,0.19802333889020726,0.21560817083177886,0.20681575486099307,252.00000000000003,337.8137651821861,252.05209751877845,670.0763382220555,0.16109813085121527,0.1565816708355764
336,1.68,166.90334141843758,0.1252843658126443,0.12528436581264424,0.12528436581264427,252.01917051471213,337.0966585815624,252.0191705147122,670.9033414184375,0.08460656006816458,0.08460656006814972
337,1.685,167.38352853079198,0.14678666399002835,0.13255415436457763,0.139670409177303,252.0124233920526,336.6329012709367,252.14314762844822,671.3999583325207,0.11397312798719315,0.15151714812938866
338,1.69,168.02799061762965,0.10995556429047669,0.12435109511057742,0.11715332970052705,252.12987612232462,335.99574265965464,251.9889032641734,672.051723894914,0.10792966029508605,0.1582805626343429
339,1.695,168.38187828905976,0.16755711669309678,0.1467866639900471,0.15717189034157195,251.6411204793553,335.603342150944,252.0124233920524,672.3670987290635,0.16297808718479292,0.11397312798721095
340,1.7,169.0100491255971,0.15185969120457668,0.13212700196452032,0.14199334658454849,252.0621914267601,335.01133630595666,252.06556561383772,673.0314345571509,0.15028452447777244,0.17277230552420716
341,1.705,169.84578720981415,0.12274076472701043,0.09189916331389754,0.10731996402045399,251.54989141872284,334.13841513259274,251.91211887619158,673.829989552221,0.16977644046612816,0.17255376908897532
342,1.71,170.2087956481772,0.17132055251248987,0.17556233828844822,0.17344144540046905,252.0,333.75184567754235,252.02885573984744,674.1694369738967,0.0963635880251807,0.16593970583473416
343,1.715,170.90334141843766,0.1252843658126341,0.1252843658126642,0.12528436581264915,252.01917051471236,333.09665858156245,252.01917051471182,674.9033414184378,0.08460656006815664,0.08460656006816261
344,1.72,171.41237136185555,0.11959118954885135,0.13255415436457804,0.1260726719567147,252.1890582183577,332.5752156088099,252.14314762844836,675.399958332521,0.09720046712933567,0.15151714812938238
345,1.725,172.0383823105647,0.1099555642904931,0.10866193578157193,0.10930875003603252,252.12987612232445,331.99574265965464,251.877733047115,676.0725072807841,0.10792966029508691,0.10604613725735315
346,1.73,172.41775468704063,0.14948781924141227,0.13255415436459903,0.14102098680300565,251.7162616425237,331.5644489584395,252.1431476284477,676.3999583325208,0.1216353830945312,0.1515171481293738
347,1.735,173.06211558784884,0.10866193578160213,0.12435109511061734,0.11650651544610974,251.87773304711487,330.92749271921616,251.988903264173,677.0517238949138,0.10604613725735965,0.158280562634357
348,1.74,173.93282937440046,0.10032598941579139,0.08365151934157597,0.09198875437868367,251.82570188811954,330.0850301843665,251.99696839062162,677.9506889331674,0.13461309398104807,0.15369817488730453
349,1.745,174.26357401776514,0.17132055251249445,0.15792787211424472,0.1646242123133696,252.0,329.75184567754224,251.96096009960317,678.2789937130725,0.0963635880251826,0.1538650221352268
350,1.75,174.91369742876594,0.12724433141659092,0.1272443314166097,0.1272443314166003,252.20093009605074,329.0863025712341,252.20093009605083,678.913697428766,0.10311088532304778,0.10311088532304481
351,1.755,175.4247843911901,0.11959118954885098,0.11959118954887374,0.11959118954886236,252.18905821835756,328.5752156088099,252.18905821835745,679.4247843911901,0.09720046712933031,0.09720046712931826
352,1.76,176.03809947716184,0.12546123654356417,0.12546123654357763,0.1254612365435709,251.9212142576424,327.96190052283816,251.92121425764213,680.0380994771618,0.11076630823528211,0.11076630823527299
353,1.765,176.52124821759529,0.11384003592555432,0.13215738283801484,0.12299870938178459,251.96938471946063,327.4308814226957,251.81105556970599,680.4733778578862,0.10986049799538045,0.1609972258303284
354,1.77,177.1118551004411,0.12546123654357486,0.0876048959347649,0.10653306623916989,251.92121425764236,326.9619005228382,252.12841629268848,681.1856107237204,0.11076630823528016,0.12807127312468006
355,1.775,177.945822554303,0.08558625553761864,0.08365151934164765,0.08461888743963314,251.83748794437804,326.0590438245612,251.99696839061983,681.9506889331672,0.11408207597192102,0.15369817488729465
356,1.78,178.45331978250684,0.10460981184523654,0.11107198338498343,0.10784089761510998,251.7050154302393,325.5470874596887,251.85891912781491,682.4537270247024,0.16756433812769356,0.16778020753902292
357,1.785,178.952947146867,0.1272443314165962,0.123187358780169,0.1252158450983826,252.20093009605046,325.08630257123406,252.2768648279476,682.992196864968,0.10311088532304243,0.14326750731590454
358,1.79,179.39668051606165,0.13262931916311085,0.13262931916315224,0.13262931916313153,252.07215895727114,324.6033194839384,252.07215895727055,683.3966805160617,0.09503824213863123,0.09503824213861103
359,1.795,180.03434216563093,0.13083934605065767,0.13083934605069028,0.130839346050674,251.99921658253294,323.965657834369,251.99921658253263,684.0343421656308,0.09264712753149734,0.09264712753149416
360,1.8,180.8223285648102,0.08727859321177274,0.08501922983711022,0.08614891152444148,251.49660606849372,323.1331132161749,251.9130227796957,684.7777703457953,0.13073026812378355,0.13629777261044335
361,1.805,181.2407734928004,0.0698073855968483,0.0876048959347512,0.07870614076579975,252.00000000000006,322.7040637381194,252.1284162926884,685.1856107237202,0.12131318089681126,0.1280712731246771
362,1.81,181.96344928944754,0.06968598840976445,0.08365151934162815,0.0766687538756963,252.04679869253135,322.0237903542722,251.99696839062042,685.9506889331673,0.09589497682229277,0.15369817488731574
363,1.815,182.45432640194744,0.11157195260930179,0.10285603243972376,0.10721399252451277,251.7508981619545,321.556671992988,251.88561450387007,686.4653247968829,0.1504842767107459,0.1746721482673302
364,1.82,182.97778604255274,0.13333364083240856,0.12318735878013388,0.12826049980627122,252.2063630018037,321.03662477986245,252.27686482794786,686.9921968649679,0.08721722253749015,0.14326750731590027
365,1.825,183.38581015124748,0.14024732623343839,0.14024732623347136,0.14024732623345487,252.08921591889472,320.6141898487525,252.0892159188944,687.3858101512475,0.07554442890062218,0.07554442890061486
366,1.83,184.03434216563082,0.13083934605068154,0.13083934605064113,0.13083934605066133,251.9992165825327,319.9656578343692,251.9992165825329,688.0343421656308,0.0926471275315011,0.09264712753148929
367,1.835,184.9458534392355,0.08460486192827917,0.08460486192829617,0.08460486192828767,251.88612189419652,319.05414656076454,251.88612189419618,688.9458534392355,0.1097771549017874,0.10977715490177935
368,1.84,185.38105888014547,0.07041989481323792,0.0799904822037586,0.07520518850849825,252.08807268485026,318.61089506067526,251.89026356241152,689.3730128209662,0.10991011916041718,0.16479768295363328
369,1.845,185.9328920960777,0.08460486192828211,0.09920387039992581,0.09190436616410397,251.88612189419638,318.0541465607645,251.86706282464908,689.9199307529199,0.10977715490178672,0.15272523699571866
370,1.85,186.45432640194738,0.11157195260929523,0.10285603243975933,0.10721399252452728,251.75089816195455,317.5566719929879,251.8856145038695,690.4653247968827,0.15048427671075745,0.17467214826734015
371,1.855,187.06994024732802,0.11845150573774457,0.12633110386303062,0.1223913048003876,251.7408015904556,316.9249203199681,251.8147960360488,691.0648008146242,0.159120502686049,0.16217831432151536
372,1.86,187.79394089990552,0.07684836101472822,0.1189919441456228,0.0979201525801755,252.0255775165613,316.12054897942824,251.99472551179895,691.7084307792393,0.11885368685286865,0.16116148314980488
373,1.865,188.2494966333975,0.09780016165466743,0.0978001616546034,0.09780016165463541,252.00000000000003,315.7505033666026,251.99999999999986,692.2494966333976,0.12477291792755929,0.12477291792755511
374,1.87,188.93550060819516,0.09195260188912595,0.09195260188918081,0.09195260188915338,251.9273031393262,315.0644993918049,251.92730313932506,692.9355006081952,0.09144207594589088,0.09144207594590965
375,1.875,189.44808065485432,0.07729203754317845,0.09279590057183956,0.08504396905750901,252.08022912883217,314.53462042368574,251.8821717287259,693.4307817333944,0.1000785026243614,0.1511424225681244
376,1.88,190.09690156680776,0.05436816705600933,0.0597345717239261,0.057051369389967715,252.01677727569592,313.8654900789149,252.49320706842357,694.0592932125304,0.1344170801166473,0.11875343345296899
377,1.885,190.57168852563402,0.10032107209181859,0.10821485642435383,0.10426796425808621,251.44224837076328,313.45990465767676,251.2270373549243,694.6032817089448,0.14904459874658832,0.18221998366152373
378,1.89,191.10846308180967,0.11845150573775831,0.11767219493925193,0.11806185033850512,251.74080159045545,312.92492031996807,252.31426970075927,695.1418464835874,0.15912050268606026,0.17063957208275285
379,1.895,191.9449895775448,0.09195260188912405,0.08489385572621938,0.08842322880767171,251.92730313932623,312.0644993918048,252.10769271693277,695.9544785468944,0.09144207594589353,0.1392319521187486
380,1.9,192.37656705058637,0.08037471817448391,0.08037471817451233,0.08037471817449812,251.77454203705784,311.6234329494136,251.77454203705864,696.3765670505863,0.11507052188085118,0.11507052188084872
381,1.905,192.98009844075136,0.09195260188910906,0.07575715264311293,0.08385487726611099,251.92730313932657,311.0644993918046,252.42828925313523,697.0246962733073,0.09144207594589567,0.1150132671396919
382,1.91,193.50003717042233,0.0876798827537063,0.08767988275372829,0.0876798827537173,252.06107764021445,310.4999628295777,252.06107764021382,697.5000371704224,0.1499922685494636,0.14999226854946301
383,1.915,194.10697587510566,0.10621377340540954,0.10621377340540275,0.10621377340540614,251.7722554299132,309.8930241248944,251.77225542991306,698.1069758751057,0.1780221429897677,0.17802214298975996
384,1.92,194.92039914556773,0.06812382781357063,0.08234600322500102,0.07523491551928582,251.1794361181179,309.0671198857784,251.10658643939544,698.9079181769139,0.11045829194704432,0.1538106553459939
385,1.925,195.36768628088788,0.08769297524773836,0.08354377210465411,0.08561837367619624,251.74302611231695,308.6341702851511,251.97269269253695,699.3695428469268,0.10381694947248657,0.1572327356458106
386,1.93,195.9449895775448,0.09195260188911147,0.08489385572619443,0.08842322880765295,251.92730313932648,308.0644993918047,252.1076927169338,699.9544785468943,0.09144207594588034,0.13923195211875708
387,1.935,196.47003853489775,0.10211656423182988,0.10211656423186094,0.10211656423184541,251.92629982796524,307.52996146510213,251.92629982796475,700.4700385348976,0.130238978709114,0.13023897870910991
388,1.94,197.09955865629215,0.0714215549000048,0.07142155490000691,0.07142155490000586,252.0601565621735,306.9004413437079,252.06015656217312,701.0995586562922,0.13384002639523288,0.13384002639522258
389,1.945,197.90991127834903,0.05613127587769633,0.056131275877716526,0.05613127587770643,251.75897021978597,306.09008872165106,251.75897021978642,701.9099112783491,0.11463190813810785,0.11463190813811142
390,1.95,198.33289294822734,0.0679367949595599,0.09909015133469416,0.08351347314712704,252.5242890840898,305.5991906131041,251.9999999999998,702.2649765095588,0.11995015634518943,0.1489927112438084
391,1.955,198.9693981067152,0.0733115280903654,0.084893855726203,0.0791026919082842,252.36720056328417,305.0156823334642,252.10769271693314,702.9544785468946,0.14296639581045525,0.1392319521187547
392,1.96,199.41978522380973,0.09195260188913146,0.10769671748239279,0.09982465968576212,251.92730313932609,304.5644993918049,251.81737289224856,703.4040698394243,0.09144207594589032,0.11156442342232391
393,1.965,200.09955865629206,0.07142155490001914,0.07142155490002519,0.07142155490002217,252.06015656217338,303.90044134370794,252.0601565621731,704.0995586562921,0.13384002639522308,0.13384002639522546
394,1.97,200.86018620530112,0.06326556863015524,0.06507718761052475,0.06417137812033999,251.7170125423613,303.1008802909046,251.7379372016238,704.8212527015069,0.10032639073737931,0.13832649693176963
395,1.975,201.33289294822728,0.06793679495955694,0.09909015133470252,0.08351347314712973,252.5242890840895,302.5991906131041,251.99999999999966,705.2649765095587,0.11995015634518949,0.14899271124381272
396,1.98,201.99501217830016,0.0721845270515975,0.06323215690201886,0.06770834197680818,252.2369951148159,302.0171220820803,252.50195154924737,706.0071464386806,0.10822448552300117,0.12454253174569001
397,1.985,202.39969217000657,0.06793679495956315,0.06671608377249794,0.06732643936603054,252.5242890840901,301.59919061310416,252.09051606338693,706.3985749531173,0.1199501563451894,0.1622077567267208
398,1.99,203.04461051670316,0.07575715264313257,0.08846102106647434,0.08210908685480345,252.42828925313506,300.97530372669286,252.08683013189443,707.0645247600992,0.11501326713968497,0.15328853400814482
399,1.995,203.86018620530132,0.06326556863015033,0.0650771876105103,0.06417137812033032,251.71701254236186,300.1008802909047,251.73793720162416,707.8212527015073,0.10032639073737304,0.13832649693178262
400,2.0,204.36384139344213,0.06326556863015496,0.058951626289064085,0.061108597459609525,251.71701254236137,299.6008802909046,251.99999999999991,708.3285630777889,0.10032639073736657,0.13327883591855924
401,2.005,205.0132593251748,0.05814768269225358,0.058147682692288455,0.05814768269227102,251.5240378312058,298.98674067482517,251.52403783120496,709.0132593251748,0.12238796877722888,0.1223879687772288
402,2.01,205.39969217000674,0.06793679495956323,0.06671608377252873,0.06732643936604599,252.52428908408936,298.59919061310404,252.09051606338545,709.3985749531175,0.1199501563451899,0.162207756726711
403,2.015,206.05543987845638,0.08337334668793762,0.07776045201171401,0.08056689934982582,252.51367085594472,297.98338104412386,252.18178154080567,710.0942608010366,0.12567949650509375,0.14539801920548961
404,2.02,206.78673632999022,0.0632655686301537,0.11182381320581058,0.08754469091798214,251.71701254236103,297.10088029090457,251.18064353406783,710.674352950885,0.1003263907373707,0.16062510274935207
405,2.025,207.36384139344213,0.0632655686301571,0.05895162628909882,0.06110859745962796,251.71701254236112,296.6008802909046,251.99999999999991,711.3285630777889,0.10032639073737239,0.13327883591856585
406,2.03,208.01325932517483,0.05814768269225902,0.05814768269229871,0.058147682692278865,251.52403783120576,295.9867406748252,251.52403783120474,712.0132593251749,0.12238796877723056,0.12238796877723405
407,2.035,208.41744131893049,0.07522934397838972,0.06815445067422274,0.07169189732630624,251.60118990065345,295.5634440705415,252.1439212911707,712.3983267084025,0.11071641121907946,0.11170879679198718
408,2.04,209.05543987845635,0.08337334668793073,0.07776045201173867,0.0805668993498347,252.51367085594492,294.9833810441238,252.18178154080562,713.0942608010365,0.12567949650509105,0.1453980192054862
409,2.045,209.86353387092672,0.06307114269570277,0.06507718761053223,0.06407416515311751,252.5040552187781,294.0941849596538,251.73793720162394,713.8212527015072,0.13709695441593658,0.13832649693177085
410,2.05,210.37286578432125,0.07399973688496066,0.030214625415835666,0.05210718115039816,250.49149993960393,293.5864037882607,251.99999999999977,714.3321353569032,0.07334895260030494,0.13330861375708902
411,2.055,210.9739460328332,0.04910162222136562,0.07533655480757952,0.06221908851447257,252.49541958246596,293.03089241131244,251.45145187542238,714.9787844769788,0.1123838072760508,0.13584250846637239
412,2.06,211.39832670840246,0.06815445067418172,0.06815445067423569,0.0681544506742087,252.1439212911714,292.60167329159754,252.14392129117186,715.3983267084025,0.11170879679198134,0.1117087967919941
413,2.065,212.10579582766695,0.07084079034056125,0.07776045201167935,0.0743006211761203,252.45057089079776,291.88266914570306,252.1817815408062,716.094260801037,0.16522227773521037,0.14539801920549889
414,2.07,212.8668361207077,0.06978138911992034,0.05844234677890923,0.06411186794941479,252.1026195693702,291.1810370165869,252.36907959623431,716.9147092580023,0.14931887955473808,0.10294542909596968
415,2.075,213.4538122490777,0.025550879623854696,0.04202245263599117,0.03378666612992293,251.7620043769519,290.54464089094427,250.87278990680798,717.4522653890997,0.11483429924413462,0.15133709704882808
416,2.08,213.9739460328331,0.04910162222137173,0.0753365548076876,0.06221908851452966,252.4954195824655,290.0308924113125,251.4514518754205,717.9787844769787,0.11238380727604784,0.13584250846639123
417,2.085,214.41172805048737,0.07522934397838199,0.07649497817546529,0.07586216107692365,251.60118990065362,289.5634440705414,251.81221660810172,718.3869001715161,0.1107164112190704,0.1277054866037091
418,2.09,215.1433479467522,0.06583081150826274,0.07776045201173046,0.07179563175999659,252.05436717695454,288.807564907532,252.18178154080562,719.0942608010364,0.16241649004887948,0.14539801920549975
419,2.095,215.92984192890967,0.04931651365468566,0.0493165136547674,0.04931651365472653,252.2980829963135,288.07015807109025,252.29808299631438,719.9298419289096,0.10832400108411079,0.10832400108410169
420,2.1,216.4147092580021,0.058442346778883644,0.05844234677897414,0.05844234677892889,252.36907959623633,287.5852907419979,252.369079596237,720.4147092580021,0.10294542909597941,0.10294542909597733
421,2.105,217.00452059722357,0.06448750412653088,0.06448750412653258,0.06448750412653173,251.62310469581078,286.9954794027765,251.62310469581098,721.0045205972236,0.13142659140865265,0.1314265914086364
422,2.11,217.5184984082276,0.07059818876820222,0.07218452705162764,0.07139135790991494,251.61592096503097,286.44588110146464,252.23699511481504,721.4828779179198,0.12913848060164823,0.10822448552301218
423,2.115,218.18384741258495,0.065830811508263,0.07593676959018761,0.0708837905492253,252.05436717695457,285.80756490753197,252.1480860411311,722.1752597327019,0.16241649004888212,0.1674276085823258
424,2.12,218.92984192890964,0.049316513654676875,0.049316513654749594,0.049316513654713234,252.29808299631216,285.0701580710903,252.2980829963108,722.9298419289096,0.10832400108411061,0.10832400108409486
425,2.125,219.41470925800218,0.05844234677889634,0.05844234677894661,0.058442346778921475,252.36907959623656,284.5852907419978,252.36907959623346,723.4147092580022,0.10294542909597221,0.10294542909598607
426,2.13,220.07506149839662,0.058350946037033266,0.05076398905832102,0.05455746754767714,253.22265318955883,283.99467792795804,251.8964279589599,724.1448009247513,0.14017473225324553,0.16625648387565212
427,2.135,220.60017593784545,0.08715660765532286,0.050279757643734005,0.06871818264952843,251.5361397357927,283.4798662443435,251.9036166406266,724.6802181200344,0.1328262252354457,0.17987416116902613
428,2.14,221.23047773056092,0.05820740147365746,0.07593676959019457,0.06707208553192602,252.00000000000014,282.7143042715797,252.1480860411311,725.1752597327015,0.1656686726646233,0.1674276085823281
429,2.145,221.92505443207364,0.049316513654674,0.052528218350205644,0.05092236600243982,252.29808299631327,282.0701580710903,251.81289560801315,725.9202669352376,0.10832400108410582,0.1383838738779878
430,2.15,222.4147092580022,0.05844234677888829,0.058442346778933174,0.058442346778910734,252.36907959623633,281.58529074199777,252.3690795962347,726.4147092580022,0.10294542909597405,0.1029454290959743
431,2.155,223.1085055665372,0.05325405455279698,0.05076398905832391,0.05200902180556044,252.42292480787106,280.9277897916768,251.89642795895986,727.1448009247512,0.1550911164245468,0.1662564838756397
432,2.16,223.70306032668785,0.058478655805807994,0.050279757643745045,0.054379206724776516,251.73108499023192,280.2740974666586,251.90361664062604,727.6802181200343,0.18233932376386663,0.17987416116903138
433,2.165,224.36412013306096,0.04953442158588464,0.058207401473681475,0.05387091152978306,250.88263697397423,279.5574554622983,251.9999999999998,728.2856957284203,0.11290845757366946,0.16566867266461086
434,2.17,225.02959667549104,0.05025877538584408,0.032168306189342896,0.04121354078759348,253.28023885629804,279.0094866969736,251.9022921137427,729.0686800479557,0.12554482524343732,0.14607329913885195
435,2.175,225.42851060087938,0.06760812930366651,0.07471504784710131,0.0711615885753839,252.13170768367095,278.54112857513616,252.71486514184576,729.3981497768949,0.14678272161804584,0.1389530737042498
436,2.18,226.19187448874146,0.04076170740650512,0.05076398905831738,0.04576284823241125,251.60657570041457,277.7610519472687,251.89642795895998,730.1448009247516,0.17101483850563204,0.1662564838756379
437,2.185,226.86789781026022,0.05994779858480655,0.05372714826414221,0.05683747342447438,253.0851021837138,277.1853468738667,252.18749684467662,730.9211424943871,0.13809290389735054,0.12230222749187446
438,2.19,227.43916495354367,0.04953442158591817,0.06080161273922709,0.05516801716257263,250.88263697397312,276.55745546229826,250.53137463268277,731.4357853693856,0.11290845757366127,0.10492028900749767
439,2.195,228.00962223893563,0.05154243079801054,0.046655520067063604,0.04909897543253707,252.96610608868693,276.02351498236516,251.85675163886745,732.0427594602364,0.11606229479168904,0.13374974324381578
440,2.2,228.46967028848044,0.06100535953200874,0.0747150478471317,0.06786020368957021,251.3053106897855,275.458809199934,252.71486514184667,732.3981497768949,0.16403013641406897,0.1389530737042607
441,2.205,229.34902617174163,0.01726781989939706,0.015299779116450793,0.016283799507923927,249.99884970318004,274.59744204307026,252.99308541070704,733.2954943865535,0.13257713132388282,0.15601490002897336
442,2.21,229.94846829589642,0.025323688787977514,0.05372714826413865,0.03952541852605808,251.94863836043345,274.0242059025942,252.18749684467588,733.921142494387,0.10745477563417553,0.12230222749187715
443,2.215,230.43916495354364,0.0495344215859182,0.06080161273927644,0.05516801716259732,250.88263697397318,273.5574554622983,250.53137463268166,734.4357853693856,0.11290845757366558,0.10492028900750638
444,2.22,231.10850556653733,0.05325405455281136,0.05076398905837354,0.05200902180559245,252.42292480787077,272.92778979167673,251.89642795895887,735.1448009247514,0.1550911164245413,0.16625648387564265
445,2.225,231.73939197969565,0.040233349708101496,0.046148045308252325,0.04319069750817691,252.45708798631884,272.222592734558,252.34122125656856,735.7013766939493,0.17870672127876985,0.19355428695555232
446,2.23,232.40907060971819,0.022154700940782663,0.031504615095936696,0.02682965801835968,251.3914368818303,271.5294740136278,251.99999999999972,736.3476152330642,0.09067146032059455,0.1390862103572458
447,2.235,233.00833169200453,0.048234458004084144,0.047835504157481605,0.04803498108078287,252.7807540781997,271.01957017467595,251.66208987851874,737.036233558685,0.1389206302626161,0.15055740238747592
448,2.24,233.42273916847077,0.06927723726622693,0.06100369619309694,0.06514046672966194,251.37206814073966,270.56223509989576,251.94709553228347,737.4077134368373,0.11683987328398741,0.12012686645155314
449,2.245,234.19187448874146,0.04076170740651708,0.050763989058321954,0.045762848232419516,251.60657570041465,269.7610519472687,251.89642795896017,738.1448009247516,0.17101483850563245,0.1662564838756322
450,2.25,234.87134518375245,0.05953582393062879,0.07070167929587232,0.06511875161325055,252.864379145289,269.1779393456568,252.97840589935544,738.9206297131617,0.14880420756528184,0.11138909272093057
451,2.255,235.44793130963134,0.027780315306973648,0.027780315307206503,0.027780315307090075,252.21323539822873,268.5520686903687,252.21323539822396,739.4479313096314,0.1375638994488223,0.13756389944882247
452,2.26,236.14601210382943,0.031557520235604195,0.0325719426665599,0.032064731451082046,253.60172742940034,267.9129007173008,250.98278477714857,740.2049249249596,0.1608457896683361,0.1693324014694075
453,2.265,236.5699431930899,0.07583826932188713,0.04721067838962792,0.061524473855757524,251.07732266537977,267.4860641580875,251.42238764697544,740.6259505442673,0.15700266568990942,0.22361717135212858
454,2.27,237.42255124731594,0.04953442158591652,0.017267819899401578,0.03340112074265905,249.88263697397306,266.5574554622982,249.99884970318163,741.4025579569301,0.11290845757366191,0.13257713132388535
455,2.275,237.9484682958965,0.025323688787958574,0.0537271482641445,0.039525418526051535,251.9486383604345,266.02420590259413,252.18749684467647,741.9211424943871,0.1074547756341802,0.12230222749187918
456,2.28,238.4230405432631,0.07471504784708224,0.027780315307150888,0.051247681577116566,251.71486514184735,265.60185022310526,252.21323539822367,742.4479313096315,0.13895307370424284,0.1375638994488318
457,2.285,239.22346204578756,0.028242570909401278,0.039189596640902574,0.03371608377515192,251.66651803146596,264.7288153551594,252.0291842276128,743.1757394467345,0.1593039360185293,0.15828672320190076
458,2.29,239.77871656194682,0.04023334970810349,0.04662625566420022,0.043429802686151854,252.457087986319,264.22259273455796,253.02325039235856,743.7800258584516,0.1787067212787698,0.1856027952545349
459,2.295,240.4645988913385,0.04131989243580431,0.022154700940872213,0.03173729668833826,250.6149091993936,263.5413282036954,251.39143688182745,744.4705259863724,0.10002182821223118,0.09067146032060389
460,2.3,241.00833169200456,0.048234458004080924,0.04783550415746311,0.04803498108077202,252.78075407819867,263.019570174676,251.66208987851923,745.0362335586851,0.13892063026262233,0.15055740238746662
461,2.305,241.4844703332215,0.06516398533720638,0.045972017373624406,0.0555680013554154,251.65050083767605,262.55184653569063,252.09247047207546,745.5207872021336,0.1163094183114253,0.17929431442937246
462,2.31,242.3490261717417,0.017267819899392352,0.015299779116477948,0.01628379950793515,254.00115029681902,261.5974420430703,252.99308541070477,746.2954943865537,0.1325771313238861,0.15601490002898402
463,2.315,242.9297499410266,0.055893893503987574,0.055893893503981405,0.05589389350398449,252.56710185343147,261.07025005897333,252.56710185342789,746.9297499410266,0.13296348296855326,0.1329634829685452
464,2.32,243.45232817743818,0.03443441191638576,0.027780315307177186,0.03110736361178147,251.3499764179795,260.54327495475513,252.21323539822416,747.4479313096315,0.13623421992073326,0.13756389944882014
465,2.325,244.24122905368523,0.031957828170308865,0.032571942666528624,0.032264885418418744,250.23184814329193,259.7224668175892,250.98278477714902,748.2049249249596,0.15674553100062066,0.16933240146939316
466,2.33,244.77871656194688,0.04023334970810263,0.04662625566425127,0.04342980268617695,252.45708798631907,259.22259273455796,253.0232503923611,748.7800258584517,0.17870672127877277,0.18560279525452186
467,2.335,245.4475698962757,0.03355378345631912,0.03355378345637722,0.03355378345634817,250.58882127995167,258.5524301037243,250.58882127995275,749.4475698962757,0.12698886233497492,0.12698886233498763
468,2.34,246.01994866743908,0.053517877388808054,0.03987601194770399,0.046696944668256024,253.17221848909008,258.0182782027037,251.99455396581033,750.0581755375819,0.12443904847509539,0.14385569673786483
469,2.345,246.49155791181985,0.061518697899948696,0.04995252525630709,0.0557356115781279,252.07961561554103,257.53706718952327,252.71072730558942,750.520183013163,0.1346299420582066,0.18485457854315587
470,2.35,247.356063743642,0.04131989243583033,0.03734168400369425,0.03933078821976229,249.61490919939277,256.5413282036955,252.30254210171861,751.2534556909795,0.10002182821223186,0.15815006691334282
471,2.355,247.95607190019317,0.0119523790752613,0.05589389350400958,0.03392313628963544,253.16755879817015,256.0176061406407,252.5671018534293,751.929749941027,0.1240979695038579,0.13296348296852997
472,2.36,248.45672504524504,0.03443441191641024,0.034434411916465804,0.03443441191643802,251.34997641797824,255.54327495475502,251.34997641797685,752.4567250452451,0.13623421992073362,0.13623421992073645
473,2.365,249.24122905368523,0.03195782817030553,0.03257194266655229,0.03226488541842891,250.2318481432919,254.72246681758915,250.98278477714885,753.2049249249596,0.15674553100062075,0.16933240146940942
474,2.37,249.78362658032836,0.0357594169239181,0.048362827634571844,0.04206112227924497,251.89750750875518,254.19687595022899,252.5469479147534,753.7641291108857,0.18173994871299246,0.19006678876225264
475,2.375,250.45232817743815,0.034434411916398705,0.027780315307093864,0.031107363611746285,250.34997641797852,253.54327495475508,251.21323539822419,754.4479313096314,0.13623421992072773,0.13756389944882888
476,2.38,251.01994866743908,0.053517877388813015,0.039876011947687466,0.04669694466825024,253.17221848909085,253.0182782027037,251.99455396581203,755.0581755375819,0.12443904847509538,0.14385569673784762
477,2.385,251.49155791181988,0.06151869789994066,0.049952525256369326,0.055735611578154994,252.079615615541,252.53706718952336,252.71072730559257,755.5201830131631,0.13462994205820633,0.18485457854315118
478,2.39,252.41171698455815,0.04131989243580405,0.01935886610810541,0.03033937927195473,249.61490919939368,251.54132820369546,251.9999999999987,756.3647621728118,0.10002182821223261,0.14297018164587771
479,2.395,252.95607190019297,0.011952379075257761,0.05589389350400664,0.0339231362896322,253.167558798173,251.01760614064074,252.56710185342905,756.9297499410267,0.12409796950386168,0.13296348296855284
480,2.4,253.41883613963765,0.07661981833314524,0.031676896892768105,0.05414835761295667,251.61321326694454,250.6077021738152,251.91537913966272,757.4453744530905,0.14214937475081907,0.1396674037528776
481,2.405,254.24122905368526,0.03195782817030312,0.03257194266652239,0.032264885418412756,250.23184814329161,249.72246681758912,250.98278477714874,758.2049249249596,0.15674553100061797,0.16933240146940157
482,2.41,254.98239385935943,0.011952379075286488,0.011952379075416134,0.011952379075351311,252.16755879816992,249.01760614064074,252.1675587981587,758.9823938593596,0.1240979695038598,0.12409796950385604
483,2.415,255.45672504524498,0.03443441191639501,0.034434411916533215,0.03443441191646411,250.34997641797952,248.5432749547551,250.3499764179759,759.4567250452451,0.136234219920728,0.13623421992072574
484,2.42,256.21025518150896,0.032475678105438124,0.03247567810535838,0.032475678105398254,251.38415942747554,247.78974481849122,251.38415942747545,760.2102551815092,0.16863202340929379,0.16863202340929087
485,2.425,256.72144707766483,0.0299394264357284,0.03908960275926781,0.0345145145974981,252.71490281989782,247.27625268852685,251.30814315696458,760.7191468438565,0.18323320985455688,0.18247989121624358
486,2.43,257.46199909785815,0.030611360174863815,0.030611360174931417,0.030611360174897614,250.16733460387275,246.53800090214204,250.16733460387215,761.4619990978583,0.1021948220371884,0.1021948220371783
487,2.435,257.9928712397275,0.09169546665909918,0.0315575202356153,0.06162649344735724,254.1876600259474,246.1013568032443,252.601727429396,762.0870992826993,0.11659306353257323,0.16084578966832297
488,2.44,258.4253143564416,0.06683713060817034,0.07204585860881038,0.06944149460849036,252.0091056168505,245.54677836225503,252.60095905322018,762.3974070751383,0.14014438009433833,0.13405380463450448
489,2.445,259.363021323343,0.014687840539207974,0.013435782765233823,0.0140618116522209,249.44388813524014,244.58531407995096,252.9730396049535,763.311356726637,0.13949939312768178,0.16517210872795823
490,2.45,259.9102203038405,0.05617729651815993,0.0916954666591612,0.07393638158866056,254.0470992757731,244.07820258907486,253.18766002594552,763.8986431967559,0.1235175931976977,0.11659306353257118
491,2.455,260.4528369955581,0.024638107831165813,0.02463810783120834,0.024638107831187077,252.26699346417098,243.54716300444198,252.26699346416646,764.4528369955582,0.12412752732259581,0.12412752732259837
492,2.46,261.2203681378372,0.03777429416472801,0.045242364576181665,0.04150832937045484,250.94853773237514,242.73715182133847,251.40887697724705,765.1778880970129,0.14946207767855418,0.1563678226743679
493,2.465,261.7949435729349,0.026787217524502187,0.05135863343057472,0.039072925477538455,252.44482775934574,242.18015277498517,252.93898207994204,765.770039920855,0.1902573765319088,0.19380279951080648
494,2.47,262.452836995558,0.024638107831151244,0.024638107831311068,0.024638107831231156,251.26699346417112,241.547163004442,251.26699346416837,766.4528369955581,0.12412752732259537,0.12412752732260686
495,2.475,263.21025518150884,0.032475678105419445,0.03247567810544289,0.03247567810543117,251.3841594274755,240.78974481849113,251.38415942747457,767.2102551815088,0.1686320234092928,0.1686320234092898
496,2.48,263.57540940052706,0.05209428068973196,0.034541347845972806,0.04331781426785238,252.5619426547164,240.48588468154077,251.72751577258043,767.6367034825948,0.19211891894070113,0.2179770463035684
497,2.485,264.4567250452449,0.03443441191638677,0.03443441191646438,0.03443441191642557,249.34997641797946,239.54327495475513,249.34997641797844,768.456725045245,0.13623421992073007,0.13623421992073495
498,2.49,264.89864319675587,0.09169546665910341,0.09169546665912243,0.09169546665911292,253.18766002594765,239.10135680324436,253.18766002594612,768.8986431967561,0.1165930635325757,0.11659306353258013
499,2.495,265.4528369955582,0.024638107831148778,0.02463810783125166,0.02463810783120022,252.26699346417163,238.54716300444198,252.26699346416194,769.4528369955584,0.12412752732259717,0.12412752732259269
